<?xml version="1.0" encoding="utf-16"?>
<BatchDataSyncConfig name="DXDF - Cinchy - DXDATA - Applets" version="1.0.0" xmlns="http://www.cinchy.co">
    <Parameters>
        <Parameter name="filePath"/>
        <Parameter name="dxdGuid"/>
    </Parameters>
    <DelimitedDataSource source="PATH" path="@filePath" delimiter="," textQualifier="&quot;" headerRowsToIgnore="0" encoding="UTF8" useHeaderRecord="true">
        <Schema>
            <Column name="Application Url" dataType="Text" trimWhitespace="true" isMandatory="false" validateData="false"/>
            <Column name="Description" dataType="Text" trimWhitespace="true" isMandatory="false" validateData="false"/>
            <Column name="Domain" dataType="Text" trimWhitespace="true" isMandatory="false" validateData="false"/>
            <Column name="Groups" dataType="Text" trimWhitespace="true" isMandatory="false" validateData="false"/>
            <Column name="Icon" dataType="Text" trimWhitespace="true" isMandatory="false" validateData="false"/>
            <Column name="Icon Colour" dataType="Text" trimWhitespace="true" isMandatory="false" validateData="false"/>
            <Column name="Integrated Client" dataType="Text" trimWhitespace="true" isMandatory="false" validateData="false"/>
            <Column name="Name" dataType="Text" trimWhitespace="true" isMandatory="false" validateData="false"/>
            <Column name="Target Window" dataType="Text" trimWhitespace="true" isMandatory="false" validateData="false"/>
            <Column name="Users" dataType="Text" trimWhitespace="true" isMandatory="false" validateData="false"/>
            <Column name="Sync GUID" dataType="Text" trimWhitespace="true" isMandatory="false" validateData="false"/>
        </Schema>
    </DelimitedDataSource>
    <CinchyTableTarget reconcileData="true" domain="Cinchy" table="Applets" suppressDuplicateErrors="false" degreeOfParallelism="1">
        <ColumnMappings>
            <ColumnMapping sourceColumn="Application Url" targetColumn="Application Url"/>
            <ColumnMapping sourceColumn="Description" targetColumn="Description"/>
            <ColumnMapping sourceColumn="Domain" targetColumn="Domain" linkColumn="Name"/>
            <ColumnMapping sourceColumn="Groups" targetColumn="Groups" linkColumn="Name"/>
            <ColumnMapping sourceColumn="Icon" targetColumn="Icon" linkColumn="CSS Class"/>
            <ColumnMapping sourceColumn="Icon Colour" targetColumn="Icon Colour" linkColumn="Name"/>
            <ColumnMapping sourceColumn="Integrated Client" targetColumn="Integrated Client" linkColumn="Client Id"/>
            <ColumnMapping sourceColumn="Name" targetColumn="Name"/>
            <ColumnMapping sourceColumn="Target Window" targetColumn="Target Window"/>
            <ColumnMapping sourceColumn="Sync GUID" targetColumn="Sync GUID"/>
        </ColumnMappings>
        <Filter>ISNULL([Sync GUID],'') LIKE '@dxdGuid_%'</Filter>
        <SyncKey readonly="false">
            <SyncKeyColumnReference name="Sync GUID"/>
        </SyncKey>
        <NewRecordBehaviour type="INSERT"/>
        <DroppedRecordBehaviour type="DELETE"/>
        <ChangedRecordBehaviour type="UPDATE"/>
        <PostSyncScripts/>
    </CinchyTableTarget>
</BatchDataSyncConfig>
