<?xml version="1.0" encoding="utf-16"?>
<BatchDataSyncConfig name="DXDF - Cinchy - DXDATA - Groups" version="1.0.0" xmlns="http://www.cinchy.co">
    <Parameters>
        <Parameter name="filePath"/>
        <Parameter name="dxdGuid"/>
    </Parameters>
    <DelimitedDataSource source="PATH" path="@filePath" delimiter="," textQualifier="&quot;" headerRowsToIgnore="0" encoding="UTF8" useHeaderRecord="true">
        <Schema>
            <Column name="Group Type" dataType="Text" trimWhitespace="true" isMandatory="false" validateData="false"/>
            <Column name="Name" dataType="Text" trimWhitespace="true" isMandatory="false" validateData="false"/>
            <Column name="Owner Groups" dataType="Text" trimWhitespace="true" isMandatory="false" validateData="false"/>
            <Column name="Owners" dataType="Text" trimWhitespace="true" isMandatory="false" validateData="false"/>
            <Column name="User Groups" dataType="Text" trimWhitespace="true" isMandatory="false" validateData="false"/>
            <Column name="Users" dataType="Text" trimWhitespace="true" isMandatory="false" validateData="false"/>
            <Column name="Sync GUID" dataType="Text" trimWhitespace="true" isMandatory="false" validateData="false"/>
        </Schema>
    </DelimitedDataSource>
    <CinchyTableTarget reconcileData="true" domain="Cinchy" table="Groups" suppressDuplicateErrors="false" degreeOfParallelism="1">
        <ColumnMappings>
            <ColumnMapping sourceColumn="Group Type" targetColumn="Group Type"/>
            <ColumnMapping sourceColumn="Name" targetColumn="Name"/>
            <ColumnMapping sourceColumn="Owner Groups" targetColumn="Owner Groups" linkColumn="Name"/>
            <ColumnMapping sourceColumn="User Groups" targetColumn="User Groups" linkColumn="Name"/>
            <ColumnMapping sourceColumn="Sync GUID" targetColumn="Sync GUID"/>
        </ColumnMappings>
        <Filter>ISNULL([Sync GUID],'') LIKE '@dxdGuid_%'</Filter>
        <SyncKey readonly="false">
            <SyncKeyColumnReference name="Sync GUID"/>
        </SyncKey>
        <NewRecordBehaviour type="INSERT"/>
        <DroppedRecordBehaviour type="DELETE"/>
        <ChangedRecordBehaviour type="UPDATE"/>
        <PostSyncScripts/>
    </CinchyTableTarget>
</BatchDataSyncConfig>
