<?xml version="1.0" encoding="utf-16"?>
<BatchDataSyncConfig name="DXDF - Cinchy - DXDATA - Table Access Control" version="1.0.0" xmlns="http://www.cinchy.co">
    <Parameters>
        <Parameter name="filePath"/>
        <Parameter name="dxdGuid"/>
    </Parameters>
    <DelimitedDataSource source="PATH" path="@filePath" delimiter="," textQualifier="&quot;" headerRowsToIgnore="0" encoding="UTF8" useHeaderRecord="true">
        <Schema>
            <Column name="Add Rows" dataType="Bool" isMandatory="false" validateData="false"/>
            <Column name="Approvable Columns" dataType="Text" trimWhitespace="true" isMandatory="false" validateData="false"/>
            <Column name="Approve Changes" dataType="Bool" isMandatory="false" validateData="false"/>
            <Column name="Delete Rows" dataType="Bool" isMandatory="false" validateData="false"/>
            <Column name="Design Table" dataType="Bool" isMandatory="false" validateData="false"/>
            <Column name="Direct Query" dataType="Bool" isMandatory="false" validateData="false"/>
            <Column name="Edit All Columns" dataType="Bool" isMandatory="false" validateData="false"/>
            <Column name="Editable Columns" dataType="Text" trimWhitespace="true" isMandatory="false" validateData="false"/>
            <Column name="Editable Row Filter" dataType="Text" trimWhitespace="true" isMandatory="false" validateData="false"/>
            <Column name="Export Data" dataType="Bool" isMandatory="false" validateData="false"/>
            <Column name="Groups" dataType="Text" trimWhitespace="true" isMandatory="false" validateData="false"/>
            <Column name="Install Table" dataType="Bool" isMandatory="false" validateData="false"/>
            <Column name="Manage Controls" dataType="Bool" isMandatory="false" validateData="false"/>
            <Column name="Table" dataType="Text" trimWhitespace="true" isMandatory="false" validateData="false"/>
            <Column name="Users" dataType="Text" trimWhitespace="true" isMandatory="false" validateData="false"/>
            <Column name="View All Columns" dataType="Bool" isMandatory="false" validateData="false"/>
            <Column name="Viewable Columns" dataType="Text" trimWhitespace="true" isMandatory="false" validateData="false"/>
            <Column name="Viewable Row Filter" dataType="Text" trimWhitespace="true" isMandatory="false" validateData="false"/>
            <Column name="Sync GUID" dataType="Text" trimWhitespace="true" isMandatory="false" validateData="false"/>
        </Schema>
    </DelimitedDataSource>
    <CinchyTableTarget reconcileData="true" domain="Cinchy" table="Table Access Control" suppressDuplicateErrors="false" degreeOfParallelism="1">
        <ColumnMappings>
            <ColumnMapping sourceColumn="Add Rows" targetColumn="Add Rows"/>
            <ColumnMapping sourceColumn="Approvable Columns" targetColumn="Approvable Columns" linkColumn="Guid"/>
            <ColumnMapping sourceColumn="Approve Changes" targetColumn="Approve Changes"/>
            <ColumnMapping sourceColumn="Delete Rows" targetColumn="Delete Rows"/>
            <ColumnMapping sourceColumn="Design Table" targetColumn="Design Table"/>
            <ColumnMapping sourceColumn="Direct Query" targetColumn="Direct Query"/>
            <ColumnMapping sourceColumn="Edit All Columns" targetColumn="Edit All Columns"/>
            <ColumnMapping sourceColumn="Editable Columns" targetColumn="Editable Columns" linkColumn="Guid"/>
            <ColumnMapping sourceColumn="Editable Row Filter" targetColumn="Editable Row Filter"/>
            <ColumnMapping sourceColumn="Export Data" targetColumn="Export Data"/>
            <ColumnMapping sourceColumn="Groups" targetColumn="Groups" linkColumn="Name"/>
            <ColumnMapping sourceColumn="Install Table" targetColumn="Install Table"/>
            <ColumnMapping sourceColumn="Manage Controls" targetColumn="Manage Controls"/>
            <ColumnMapping sourceColumn="Table" targetColumn="Table" linkColumn="Guid"/>
            <ColumnMapping sourceColumn="View All Columns" targetColumn="View All Columns"/>
            <ColumnMapping sourceColumn="Viewable Columns" targetColumn="Viewable Columns" linkColumn="Guid"/>
            <ColumnMapping sourceColumn="Viewable Row Filter" targetColumn="Viewable Row Filter"/>
            <ColumnMapping sourceColumn="Sync GUID" targetColumn="Sync GUID"/>
        </ColumnMappings>
        <Filter>ISNULL([Sync GUID],'') LIKE '@dxdGuid_%'</Filter>
        <SyncKey readonly="false">
            <SyncKeyColumnReference name="Sync GUID"/>
        </SyncKey>
        <NewRecordBehaviour type="INSERT"/>
        <DroppedRecordBehaviour type="DELETE"/>
        <ChangedRecordBehaviour type="UPDATE"/>
        <PostSyncScripts/>
    </CinchyTableTarget>
</BatchDataSyncConfig>

