<?xml version="1.0" encoding="utf-16"?>
<BatchDataSyncConfig name="DXDF - Cinchy - DXDATA - Secrets" version="1.0.0" xmlns="http://www.cinchy.co">
    <Parameters>
        <Parameter name="filePath"/>
        <Parameter name="dxdGuid"/>
    </Parameters>
    <DelimitedDataSource source="PATH" path="@filePath" delimiter="," textQualifier="&quot;" headerRowsToIgnore="0" encoding="UTF8" useHeaderRecord="true">
        <Schema>
            <Column name="Description" dataType="Text" trimWhitespace="true" isMandatory="false" validateData="false"/>
            <Column name="Domain" dataType="Text" trimWhitespace="true" isMandatory="false" validateData="false"/>
            <Column name="External Secret Identifier" dataType="Text" trimWhitespace="true" isMandatory="false" validateData="false"/>
            <Column name="External Secret Manager" dataType="Text" trimWhitespace="true" isMandatory="false" validateData="false"/>
            <Column name="Name" dataType="Text" trimWhitespace="true" isMandatory="false" validateData="false"/>
            <Column name="Read Groups" dataType="Text" trimWhitespace="true" isMandatory="false" validateData="false"/>
            <Column name="Secret Source" dataType="Text" trimWhitespace="true" isMandatory="false" validateData="false"/>
            <Column name="Sub Key" dataType="Text" trimWhitespace="true" isMandatory="false" validateData="false"/>
            <Column name="Write Groups" dataType="Text" trimWhitespace="true" isMandatory="false" validateData="false"/>
            <Column name="Sync GUID" dataType="Text" trimWhitespace="true" isMandatory="false" validateData="false"/>
        </Schema>
    </DelimitedDataSource>
    <CinchyTableTarget reconcileData="true" domain="Cinchy" table="Secrets" suppressDuplicateErrors="false" degreeOfParallelism="1">
        <ColumnMappings>
            <ColumnMapping sourceColumn="Description" targetColumn="Description"/>
            <ColumnMapping sourceColumn="Domain" targetColumn="Domain" linkColumn="Name"/>
            <ColumnMapping sourceColumn="External Secret Identifier" targetColumn="External Secret Identifier"/>
            <ColumnMapping sourceColumn="External Secret Manager" targetColumn="External Secret Manager" linkColumn="Sync GUID"/>
            <ColumnMapping sourceColumn="Name" targetColumn="Name"/>
            <ColumnMapping sourceColumn="Read Groups" targetColumn="Read Groups" linkColumn="Name"/>
            <ColumnMapping sourceColumn="Secret Source" targetColumn="Secret Source"/>
            <ColumnMapping sourceColumn="Sub Key" targetColumn="Sub Key"/>
            <ColumnMapping sourceColumn="Write Groups" targetColumn="Write Groups" linkColumn="Name"/>
            <ColumnMapping sourceColumn="Sync GUID" targetColumn="Sync GUID"/>
        </ColumnMappings>
        <Filter>ISNULL([Sync GUID],'') LIKE '@dxdGuid_%'</Filter>
        <SyncKey readonly="false">
            <SyncKeyColumnReference name="Sync GUID"/>
        </SyncKey>
        <NewRecordBehaviour type="INSERT"/>
        <DroppedRecordBehaviour type="DELETE"/>
        <ChangedRecordBehaviour type="UPDATE"/>
        <PostSyncScripts/>
    </CinchyTableTarget>
</BatchDataSyncConfig>

