<?xml version="1.0" encoding="utf-16"?>
<BatchDataSyncConfig name="DXDF - Cinchy - DXDATA - Data Experience Reference Data" version="1.0.0" xmlns="http://www.cinchy.co">
    <Parameters>
        <Parameter name="filePath"/>
        <Parameter name="dxdGuid"/>
    </Parameters>
    <DelimitedDataSource source="PATH" path="@filePath" delimiter="," textQualifier="&quot;" headerRowsToIgnore="0" encoding="UTF8" useHeaderRecord="true">
        <Schema>
            <Column name="Changed Records" dataType="Text" trimWhitespace="true" isMandatory="false" validateData="false"/>
            <Column name="Dropped Records" dataType="Text" trimWhitespace="true" isMandatory="false" validateData="false"/>
            <Column name="Expiration Timestamp Field" dataType="Text" trimWhitespace="true" isMandatory="false" validateData="false"/>
            <Column name="Filter" dataType="Text" trimWhitespace="true" isMandatory="false" validateData="false"/>
            <Column name="Target Filter" dataType="Text" trimWhitespace="true" isMandatory="false" validateData="false"/>
            <Column name="Name" dataType="Text" trimWhitespace="true" isMandatory="false" validateData="false"/>
            <Column name="New Records" dataType="Text" trimWhitespace="true" isMandatory="false" validateData="false"/>
            <Column name="Ordinal" dataType="Number" isMandatory="false" validateData="false"/>
            <Column name="Sync Key" dataType="Text" trimWhitespace="true" isMandatory="false" validateData="false"/>
            <Column name="Table" dataType="Text" trimWhitespace="true" isMandatory="false" validateData="false"/>
            <Column name="Sync GUID" dataType="Text" trimWhitespace="true" isMandatory="false" validateData="false"/>
        </Schema>
    </DelimitedDataSource>
    <CinchyTableTarget reconcileData="true" domain="Cinchy" table="Data Experience Reference Data" suppressDuplicateErrors="false" degreeOfParallelism="1">
        <ColumnMappings>
            <ColumnMapping sourceColumn="Changed Records" targetColumn="Changed Records"/>
            <ColumnMapping sourceColumn="Dropped Records" targetColumn="Dropped Records"/>
            <ColumnMapping sourceColumn="Expiration Timestamp Field" targetColumn="Expiration Timestamp Field" linkColumn="Full Name"/>
            <ColumnMapping sourceColumn="Filter" targetColumn="Filter"/>
            <ColumnMapping sourceColumn="Target Filter" targetColumn="Target Filter"/>
            <ColumnMapping sourceColumn="Name" targetColumn="Name"/>
            <ColumnMapping sourceColumn="New Records" targetColumn="New Records"/>
            <ColumnMapping sourceColumn="Ordinal" targetColumn="Ordinal"/>
            <ColumnMapping sourceColumn="Sync Key" targetColumn="Sync Key" linkColumn="Full Name"/>
            <ColumnMapping sourceColumn="Table" targetColumn="Table" linkColumn="Guid"/>
            <ColumnMapping sourceColumn="Sync GUID" targetColumn="Sync GUID"/>
        </ColumnMappings>
        <Filter>ISNULL([Sync GUID],'') LIKE '@dxdGuid_%'</Filter>
        <SyncKey readonly="false">
            <SyncKeyColumnReference name="Sync GUID"/>
        </SyncKey>
        <NewRecordBehaviour type="INSERT"/>
        <DroppedRecordBehaviour type="DELETE"/>
        <ChangedRecordBehaviour type="UPDATE"/>
        <PostSyncScripts/>
    </CinchyTableTarget>
</BatchDataSyncConfig>

