<?xml version="1.0" encoding="utf-16"?>
<BatchDataSyncConfig name="DXDF - Cinchy - DXDATA - External Secrets Manager" version="1.0.0" xmlns="http://www.cinchy.co">
    <Parameters>
        <Parameter name="filePath"/>
        <Parameter name="dxdGuid"/>
    </Parameters>
    <DelimitedDataSource source="PATH" path="@filePath" delimiter="," textQualifier="&quot;" headerRowsToIgnore="0" encoding="UTF8" useHeaderRecord="true">
        <Schema>
            <Column name="Description" dataType="Text" trimWhitespace="true" isMandatory="false" validateData="false"/>
            <Column name="ID" dataType="Text" trimWhitespace="true" isMandatory="false" validateData="false"/>
            <Column name="Name" dataType="Text" trimWhitespace="true" isMandatory="false" validateData="false"/>
            <Column name="Parameters JSON" dataType="Text" trimWhitespace="true" isMandatory="false" validateData="false"/>
            <Column name="Read Groups" dataType="Text" trimWhitespace="true" isMandatory="false" validateData="false"/>
            <Column name="Type" dataType="Text" trimWhitespace="true" isMandatory="false" validateData="false"/>
            <Column name="Write Groups" dataType="Text" trimWhitespace="true" isMandatory="false" validateData="false"/>
            <Column name="Sync GUID" dataType="Text" trimWhitespace="true" isMandatory="false" validateData="false"/>
        </Schema>
    </DelimitedDataSource>
    <CinchyTableTarget reconcileData="true" domain="Cinchy" table="External Secrets Manager" suppressDuplicateErrors="false" degreeOfParallelism="1">
        <ColumnMappings>
            <ColumnMapping sourceColumn="Description" targetColumn="Description"/>
            <ColumnMapping sourceColumn="ID" targetColumn="ID Override"/>
            <ColumnMapping sourceColumn="Name" targetColumn="Name"/>
            <ColumnMapping sourceColumn="Parameters JSON" targetColumn="Parameters JSON"/>
            <ColumnMapping sourceColumn="Read Groups" targetColumn="Read Groups" linkColumn="Name"/>
            <ColumnMapping sourceColumn="Type" targetColumn="Type"/>
            <ColumnMapping sourceColumn="Write Groups" targetColumn="Write Groups" linkColumn="Name"/>
            <ColumnMapping sourceColumn="Sync GUID" targetColumn="Sync GUID"/>
        </ColumnMappings>
        <Filter>NOT EXISTS (
  SELECT 1
  FROM [Cinchy].[Secrets] s
  WHERE
    s.[Deleted] IS NULL
    AND s.[External Secret Manager].[ID] = [ID]
    AND ISNULL(s.[Sync GUID],'') NOT LIKE '@dxdGuid_%'
  )</Filter>
        <SyncKey readonly="false">
            <SyncKeyColumnReference name="Sync GUID"/>
        </SyncKey>
        <NewRecordBehaviour type="INSERT"/>
        <DroppedRecordBehaviour type="DELETE"/>
        <ChangedRecordBehaviour type="UPDATE"/>
        <PostSyncScripts/>
    </CinchyTableTarget>
</BatchDataSyncConfig>

