<?xml version="1.0" encoding="utf-16"?>
<Model xmlns:xsi="http://www.w3.org/2001/XMLSchema-instance" xmlns:xsd="http://www.w3.org/2001/XMLSchema" name="Meta-Calendars-Data-Experience" version="5.5.0" xmlns="http://www.cinchy.co">
  <Schema>
    <Tables>
      <Table name="Calendars" domain="Cinchy Calendar" guid="9ada9398-fc73-46da-a89b-e4ef29a66665" icon="fa fa-calendar-check-o" iconColour="#7030A0">
        <Columns>
          <Calculated name="Actions" guid="51acbba8-e53a-405f-b1f0-75084690d3eb" allowLinking="false" calculationExpression="/*Calendars.Action&gt;*/&#xD;&#xA;&#xD;&#xA;CONCAT('&lt;a target=&quot;_blank&quot; href=&quot;../../../../dxdev/cinchy/Apps/Integrated?appId=7&amp;calendarId=', [Calendar ID], '&amp;rowId=null&quot;&gt;Open&lt;/a&gt;')&#xD;&#xA;&#xD;&#xA;/*&lt;Calendars.Action*/" outputFormat="Text" outputFieldLength="1000" />
          <Text name="Calendar ID" guid="20b3e14b-f8f3-446e-b572-e5a5d065f709" isMandatory="true" />
          <Text name="Title" guid="91522132-2653-4bb7-b91d-a79a0568eeab" allowLinking="false" />
          <Link name="Saved Query" guid="86ae5bfe-ca86-480f-af22-e1dc3061473a" isMandatory="true" allowLinking="false" linkedTableDomain="Cinchy" linkedTable="Saved Queries" linkFilterExpression="">
            <SearchDisplayColumns>
              <LinkedColumn isPrimary="true">Name</LinkedColumn>
            </SearchDisplayColumns>
          </Link>
          <Link name="Table" guid="9aa02ca2-26fb-4ff7-95cf-ff7926be75f5" isMandatory="true" allowLinking="false" linkedTableDomain="Cinchy" linkedTable="Tables" linkFilterExpression="">
            <SearchDisplayColumns>
              <LinkedColumn isPrimary="true">Full Name</LinkedColumn>
            </SearchDisplayColumns>
          </Link>
          <Calculated name="Table URL" guid="2ff1f864-16b5-4f54-9e2e-21f68c82b2be" allowLinking="false" calculationExpression="CONCAT('../../Cinchy/Tables/', [Table].[Cinchy Id])&#xD;&#xA;" outputFormat="Text" outputFieldLength="30000" />
          <YesNo name="Show Title" guid="74902d01-acd2-4ba7-ac58-da27ad99a62f" defaultValue="false" />
          <Link name="Owner Group" guid="395370c7-606a-4688-9d97-259a45689237" allowLinking="false" linkedTableDomain="Cinchy" linkedTable="Groups" linkFilterExpression="">
            <SearchDisplayColumns>
              <LinkedColumn isPrimary="true">Name</LinkedColumn>
            </SearchDisplayColumns>
          </Link>
          <Link name="Viewer Group" guid="78839904-ef02-4167-a4b6-be7afe249228" allowLinking="false" linkedTableDomain="Cinchy" linkedTable="Groups" linkFilterExpression="">
            <SearchDisplayColumns>
              <LinkedColumn isPrimary="true">Name</LinkedColumn>
            </SearchDisplayColumns>
          </Link>
        </Columns>
        <UniqueConstraints>
          <UniqueConstraint name="Col2242">
            <Column>Calendar ID</Column>
          </UniqueConstraint>
        </UniqueConstraints>
        <Indexes>
          <Index name="Cinchy Default Index">
            <Column>Approval State</Column>
            <Column>Deleted</Column>
          </Index>
        </Indexes>
      </Table>
      <Table name="Saved Queries" domain="Cinchy" guid="ed92ad20-56d3-496c-9094-f4f03f57a614" icon="fa fa-refresh" iconColour="#00B050" description="System table for managing user saved queries that can be exposed via the REST API">
        <Columns>
          <Text name="Name" guid="9c6269bd-65a6-4658-8bc0-d2ee47ddc23f" isMandatory="true" maxLength="1000" validationExpression="^((\/\w*){1,}\.\w*\?{1}(\w*\=\w*){0,}\&amp;{0,}(\w*\=\w*){0,}){0,}" />
          <Text name="Description" guid="3e4e3924-fcd0-4305-a1a3-efc4a820d6d7" maxLength="1000" />
          <Number name="Timeout" guid="0e911b2e-a55e-447d-af1a-6a515fe40b58" displayFormat="0,0" />
          <Choice name="Type" guid="d7d12e92-a899-4211-b7bf-ed8d2dcdd8cb" isMandatory="true">
            <Option>Query (Approved Data Only)</Option>
            <Option>Query (Include Draft Changes)</Option>
            <Option>Non Query</Option>
            <Option>Scalar</Option>
            <Option>Query (Include Version History)</Option>
          </Choice>
          <Calculated name="REST API URL" guid="0b2059b0-275b-408e-b6d6-c9e0ff473506" calculationExpression="CONCAT('/API/', [Domain].[Name], '/', [Name])" outputFormat="Text" outputFieldLength="1200" />
          <Choice name="API Result Format" guid="d928ef99-27f1-45f1-8772-a1b44858f4f3" isMandatory="true">
            <Option>CSV</Option>
            <Option>PSV</Option>
            <Option>JSON</Option>
            <Option>TSV</Option>
            <Option>XML</Option>
          </Choice>
          <Text name="CQL" guid="52db6ad1-832a-4cf1-a054-a03f46782502" isMandatory="true" maxLength="100000" />
          <Calculated name="Guid" guid="5b9e3357-ace0-4f60-b0b6-c15f43c401f4" allowLinking="false" calculationExpression="CASE WHEN [Guid] IS NULL THEN NEWID() ELSE [Guid] END" outputFormat="Text" outputFieldLength="100" />
          <Text name="Sync GUID" guid="51493556-528f-4eeb-a35a-ea43766a62fa" />
          <Link name="Domain" guid="1e609d33-9600-4766-8cc6-cd3429416b35" isMandatory="true" linkedTableDomain="Cinchy" linkedTable="Domains" linkFilterExpression="">
            <SearchDisplayColumns>
              <LinkedColumn isPrimary="true">Name</LinkedColumn>
            </SearchDisplayColumns>
          </Link>
          <Link name="Icon" guid="2d574c15-3b3e-49ff-b893-21e45a738269" isMandatory="true" linkedTableDomain="Cinchy" linkedTable="System Icons" linkFilterExpression="">
            <SearchDisplayColumns>
              <LinkedColumn isPrimary="true">CSS Class</LinkedColumn>
            </SearchDisplayColumns>
          </Link>
          <Link name="Icon Colour" guid="7e0eab47-76ed-4c70-a118-41741731a66a" isMandatory="true" linkedTableDomain="Cinchy" linkedTable="System Colours" linkFilterExpression="">
            <SearchDisplayColumns>
              <LinkedColumn isPrimary="true">Name</LinkedColumn>
            </SearchDisplayColumns>
          </Link>
          <Link name="Users With Execute Access" guid="8ac8d7a3-4201-4570-ba3b-73a563f994a6" allowMultiple="true" linkedTableDomain="Cinchy" linkedTable="Users" linkFilterExpression="">
            <SearchDisplayColumns>
              <LinkedColumn isPrimary="true">Display Name</LinkedColumn>
            </SearchDisplayColumns>
          </Link>
          <Link name="Groups With Execute Access" guid="4dca3af4-3dd6-4351-8678-04cd5aabe400" allowMultiple="true" linkedTableDomain="Cinchy" linkedTable="Groups" linkFilterExpression="">
            <SearchDisplayColumns>
              <LinkedColumn isPrimary="true">Name</LinkedColumn>
            </SearchDisplayColumns>
          </Link>
          <Link name="Users With Design Access" guid="f2516404-2917-4fc5-b111-bfcf29487117" allowMultiple="true" linkedTableDomain="Cinchy" linkedTable="Users" linkFilterExpression="">
            <SearchDisplayColumns>
              <LinkedColumn isPrimary="true">Display Name</LinkedColumn>
            </SearchDisplayColumns>
          </Link>
          <Link name="Groups With Design Access" guid="4788f78a-c07b-46b7-9319-15e2691de263" allowMultiple="true" linkedTableDomain="Cinchy" linkedTable="Groups" linkFilterExpression="">
            <SearchDisplayColumns>
              <LinkedColumn isPrimary="true">Name</LinkedColumn>
            </SearchDisplayColumns>
          </Link>
        </Columns>
        <UniqueConstraints>
          <UniqueConstraint name="UC_Saved Queries_REST API URL">
            <Column>REST API URL</Column>
          </UniqueConstraint>
          <UniqueConstraint name="UC_Saved Queries_Guid">
            <Column>Guid</Column>
          </UniqueConstraint>
        </UniqueConstraints>
        <Indexes>
          <Index name="Cinchy Default Index">
            <Column>Approval State</Column>
            <Column>Deleted</Column>
          </Index>
        </Indexes>
      </Table>
      <Table name="Domains" domain="Cinchy" guid="8ba5efa6-bf70-4eca-8ef2-b2cd2851ebdd" icon="fa fa-bank" iconColour="#00B050" description="System table for maintaining domains">
        <Columns>
          <Text name="Name" guid="ed22eaa7-5906-48cb-bd1f-ff8b8bd663f0" isMandatory="true" maxLength="125" validationExpression="^[A-Za-z0-9][A-Za-z0-9_ '+\-:\(\)\/=@!&amp;%]*$" />
          <Calculated name="Guid" guid="96723bfa-1c62-4c7f-8200-3663664188ef" allowLinking="false" calculationExpression="CASE WHEN [Guid] IS NULL THEN NEWID() ELSE [Guid] END" outputFormat="Text" outputFieldLength="100" />
          <Text name="Sync GUID" guid="2b3abe8b-38bd-42fb-93de-b3f494859022" />
          <Link name="Colour" guid="36e78bd2-4873-4d5e-a2a5-50f37f0305d0" isMandatory="true" linkedTableDomain="Cinchy" linkedTable="System Colours">
            <SearchDisplayColumns>
              <LinkedColumn isPrimary="true">Name</LinkedColumn>
            </SearchDisplayColumns>
          </Link>
        </Columns>
        <UniqueConstraints>
          <UniqueConstraint name="UC_Domains_Name">
            <Column>Name</Column>
          </UniqueConstraint>
          <UniqueConstraint name="UC_Domains_Guid">
            <Column>Guid</Column>
          </UniqueConstraint>
        </UniqueConstraints>
        <Indexes>
          <Index name="Cinchy Default Index">
            <Column>Approval State</Column>
            <Column>Deleted</Column>
          </Index>
        </Indexes>
      </Table>
      <Table name="System Colours" domain="Cinchy" guid="67c7dab0-9a7d-4ec9-88d0-271700c779b4" icon="fa fa-paint-brush" iconColour="#00B050" description="System table for maintaining colours">
        <Columns>
          <Text name="Name" guid="83e1af03-1856-40e7-9a08-cec85eedbe99" isMandatory="true" maxLength="100" />
          <Text name="Hex Value" guid="0c51493a-1236-4f2a-83ac-5457bcc1bfa5" isMandatory="true" maxLength="100" />
          <Choice name="Usage" guid="ba47beee-0d52-4665-8da3-6e3b19ab4182" isMandatory="true" allowMultiple="true">
            <Option>Object</Option>
            <Option>Highlight</Option>
          </Choice>
          <Text name="Sync GUID" guid="609ef690-d5d9-4144-a58b-eb60e3ae9e46" />
        </Columns>
        <UniqueConstraints>
          <UniqueConstraint name="UC_Name">
            <Column>Name</Column>
          </UniqueConstraint>
        </UniqueConstraints>
        <Indexes>
          <Index name="Cinchy Default Index">
            <Column>Approval State</Column>
            <Column>Deleted</Column>
          </Index>
        </Indexes>
      </Table>
      <Table name="System Icons" domain="Cinchy" guid="47d9840d-0e09-4693-ae52-c726c5927a3a" icon="fa fa-picture-o" iconColour="#00B050" description="System table for maintaining colours">
        <Columns>
          <Text name="CSS Class" guid="f79cbbaa-aaa0-4daf-b25d-da10d07dde16" isMandatory="true" maxLength="100" />
        </Columns>
        <UniqueConstraints>
          <UniqueConstraint name="UC_CSS Class">
            <Column>CSS Class</Column>
          </UniqueConstraint>
        </UniqueConstraints>
        <Indexes>
          <Index name="Cinchy Default Index">
            <Column>Approval State</Column>
            <Column>Deleted</Column>
          </Index>
        </Indexes>
      </Table>
      <Table name="Users" domain="Cinchy" guid="27d4314b-adee-4e89-ad7f-2381a21729cf" icon="fa fa-user" iconColour="#00B050" description="System table for maintaining users">
        <Columns>
          <Text name="Username" guid="3a2bb30a-4ab3-497b-9231-15db8fc9002f" isMandatory="true" maxLength="100" />
          <Choice name="Authentication Method" guid="56ca7f7b-1dee-4ddd-b3ec-466b62e1bf51" isMandatory="true" allowLinking="false" allowDisplayInLinkedViews="false">
            <Option>Cinchy User Account</Option>
            <Option>Single Sign-On</Option>
            <Option>Non Interactive</Option>
          </Choice>
          <Text name="Password" guid="060e2fae-3c25-40ea-b57c-cfea9dccd311" isMandatory="true" allowLinking="false" allowDisplayInLinkedViews="false" maxLength="100" />
          <Text name="Email Address" guid="c60bdfab-1977-4b1f-b749-905d36dbcd19" isMandatory="true" allowLinking="false" maxLength="100" />
          <Text name="Email Verification Code" guid="5d57bc64-e5bc-4f72-8902-005b7318a37b" allowLinking="false" allowDisplayInLinkedViews="false" maxLength="100" />
          <YesNo name="Email Verified" guid="c33917c2-eb53-4349-897c-b4802c5fdb8d" allowLinking="false" allowDisplayInLinkedViews="false" defaultValue="false" />
          <Text name="First Name" guid="36ca9f29-7dc3-43a2-8785-7e9068e4067b" isMandatory="true" allowLinking="false" allowDisplayInLinkedViews="false" maxLength="100" />
          <Text name="Last Name" guid="63658d7c-ed81-4fd0-8f06-cc5330148653" allowLinking="false" allowDisplayInLinkedViews="false" maxLength="100" />
          <Calculated name="Name" guid="6f09356a-5ff0-4364-b789-5e7876f654e8" calculationExpression="CONCAT([First Name], (CASE WHEN [Last Name] is NULL or LTRIM([Last Name]) = '' THEN '' ELSE ' ' END), ISNULL([Last Name], ''))" outputFormat="Text" outputFieldLength="205" />
          <Calculated name="Display Name" guid="49c83481-e731-4b18-b7b9-fd621fafd0d7" calculationExpression="CONCAT([First Name], (CASE WHEN [Last Name] is NULL or LTRIM([Last Name]) = '' THEN '' ELSE ' ' END), ISNULL([Last Name], ''), ' (', [Username], ')')" outputFormat="Text" outputFieldLength="305" />
          <Date name="Password Expiration Timestamp" guid="17b04aca-5876-4ebd-bfd1-abce9c5f294c" allowLinking="false" allowDisplayInLinkedViews="false" displayFormat="MMM DD, YYYY" />
          <YesNo name="Is Disabled" guid="56510e8b-5936-460a-8f61-51fa1cbff733" allowLinking="false" allowDisplayInLinkedViews="false" defaultValue="false" />
          <Date name="Locked Timestamp" guid="6d546626-d61c-48b0-a3c0-f55349058e53" allowLinking="false" allowDisplayInLinkedViews="false" displayFormat="MMM DD, YYYY" />
          <YesNo name="Can Design Tables" guid="7ca00323-fe06-4cf5-a2cc-775d0975a9ba" allowLinking="false" allowDisplayInLinkedViews="false" defaultValue="true" />
          <YesNo name="Can Design Queries" guid="40f6b9d9-23d0-4445-8aba-bbe954a1340c" allowLinking="false" allowDisplayInLinkedViews="false" defaultValue="true" />
        </Columns>
        <UniqueConstraints>
          <UniqueConstraint name="UC_Username">
            <Column>Username</Column>
          </UniqueConstraint>
        </UniqueConstraints>
        <Indexes>
          <Index name="Cinchy Default Index">
            <Column>Approval State</Column>
            <Column>Deleted</Column>
          </Index>
        </Indexes>
      </Table>
      <Table name="Groups" domain="Cinchy" guid="6f4a1d5e-86cd-44b6-97e1-542d3980e55e" icon="fa fa-user" iconColour="#00B050" description="System table for maintaining user groups">
        <Columns>
          <Text name="Name" guid="28c047e1-cb21-45a8-8e92-060bd2788b0e" isMandatory="true" maxLength="100" />
          <Choice name="Group Type" guid="f66a2828-19ab-4437-b1a1-a02f9c68149e" isMandatory="true" allowLinking="false">
            <Option>AD Group</Option>
            <Option>Cinchy Group</Option>
          </Choice>
          <Calculated name="Guid" guid="47eeccb1-eafb-4e03-a461-1743c6b9dbd4" allowLinking="false" calculationExpression="CASE WHEN [Guid] IS NULL THEN NEWID() ELSE [Guid] END" outputFormat="Text" outputFieldLength="100" />
          <Text name="Sync GUID" guid="db5892de-f185-49cb-ac68-f761aa59520b" />
          <Link name="Users" guid="88349c1c-c7eb-4891-932b-bcb57ae7447e" allowMultiple="true" linkedTableDomain="Cinchy" linkedTable="Users">
            <SearchDisplayColumns>
              <LinkedColumn isPrimary="true">Display Name</LinkedColumn>
            </SearchDisplayColumns>
          </Link>
          <Link name="User Groups" guid="a813aa6f-b6fa-4eb3-bf22-ae6eb71bd118" allowMultiple="true" linkedTableDomain="Cinchy" linkedTable="Groups">
            <SearchDisplayColumns>
              <LinkedColumn isPrimary="true">Name</LinkedColumn>
            </SearchDisplayColumns>
          </Link>
          <Link name="Owners" guid="4c59b39e-7219-4f9f-87e6-820692e5950a" allowMultiple="true" linkedTableDomain="Cinchy" linkedTable="Users">
            <SearchDisplayColumns>
              <LinkedColumn isPrimary="true">Display Name</LinkedColumn>
            </SearchDisplayColumns>
          </Link>
          <Link name="Owner Groups" guid="03bc2bab-95c9-4f67-a857-22ff400c3c13" allowMultiple="true" linkedTableDomain="Cinchy" linkedTable="Groups">
            <SearchDisplayColumns>
              <LinkedColumn isPrimary="true">Name</LinkedColumn>
            </SearchDisplayColumns>
          </Link>
        </Columns>
        <UniqueConstraints>
          <UniqueConstraint name="UC_Groups_Name">
            <Column>Name</Column>
          </UniqueConstraint>
          <UniqueConstraint name="UC_Groups_Guid">
            <Column>Guid</Column>
          </UniqueConstraint>
        </UniqueConstraints>
        <Indexes>
          <Index name="Cinchy Default Index">
            <Column>Approval State</Column>
            <Column>Deleted</Column>
          </Index>
        </Indexes>
      </Table>
      <Table name="Tables" domain="Cinchy" guid="02e94c03-33e2-45be-bd8f-9792c249eaf0" icon="fa fa-table" iconColour="#00B050" description="System table for maintaining table definitions">
        <Columns>
          <Text name="Name" guid="1b33d96d-a4ae-414b-9517-6193e5f3ed1e" isMandatory="true" maxLength="125" validationExpression="^[A-Za-z0-9_ '+\-:\(\)\/=@!&amp;%]+$" />
          <Calculated name="Full Name" guid="b7c9bc56-03b1-43bb-ac75-9c4695aca767" calculationExpression="CONCAT([Domain].[Name], '.', [Name])" outputFormat="Text" outputFieldLength="300" />
          <Text name="Description" guid="06d64e6b-3c7d-46f1-9ba4-07b6fe408a59" maxLength="1000" />
          <Text name="Guid" guid="8c7b079d-d637-447c-8aed-e3382b54bfd0" isMandatory="true" maxLength="1000" />
          <Text name="Json" guid="18e3a5d6-a21c-4d05-93cb-ad8ea0be5d03" isMandatory="true" maxLength="1000000" />
          <Number name="Cinchy Schema Version" guid="7da7f5bb-9018-4ea4-8874-c8a039bb9709" allowLinking="false" minValue="1" />
          <Text name="Sync GUID" guid="7e934d34-847c-4db7-85d1-a66f8a6fdc15" />
          <Number name="Min Recycle Bin Retention Days" guid="2949748a-a6ad-42fb-80fc-6c8db658ede7" allowLinking="false" minValue="1" />
          <Number name="Min Version Retention Days" guid="5d08225d-3e24-4852-825a-844c39602c7a" allowLinking="false" minValue="1" />
          <Number name="Min Retention Versions" guid="1826fe6f-65d6-4009-8165-0f8e765ae4d7" allowLinking="false" minValue="1" />
          <YesNo name="Has Erased Records" guid="57243446-4386-4a7d-964e-9261d45a5f23" allowLinking="false" />
          <Link name="Domain" guid="b5769e73-f5c0-4c5f-a41b-23e829022442" isMandatory="true" linkedTableDomain="Cinchy" linkedTable="Domains" linkFilterExpression="">
            <SearchDisplayColumns>
              <LinkedColumn isPrimary="true">Name</LinkedColumn>
            </SearchDisplayColumns>
          </Link>
          <Link name="Icon" guid="cb65d44a-6eb6-4afc-a33a-7f6e6fc17415" isMandatory="true" linkedTableDomain="Cinchy" linkedTable="System Icons" linkFilterExpression="">
            <SearchDisplayColumns>
              <LinkedColumn isPrimary="true">CSS Class</LinkedColumn>
            </SearchDisplayColumns>
          </Link>
          <Link name="Icon Colour" guid="e6ec2c2f-9a09-465d-8635-54a202a367bf" isMandatory="true" linkedTableDomain="Cinchy" linkedTable="System Colours" linkFilterExpression="">
            <SearchDisplayColumns>
              <LinkedColumn isPrimary="true">Name</LinkedColumn>
            </SearchDisplayColumns>
          </Link>
          <YesNo name="Publish Data Change Notifications" guid="9dada26f-c16f-4e8b-9f68-eee9d555755c" allowLinking="false" defaultValue="false" />
          <Choice name="Type" guid="9398c1ea-0c38-4094-8bda-0539fad70811" allowLinking="false">
            <Option>Standard</Option>
            <Option>Spatial</Option>
            <Option>Unversioned</Option>
          </Choice>
        </Columns>
        <UniqueConstraints>
          <UniqueConstraint name="UC_Tables_Full Name">
            <Column>Full Name</Column>
          </UniqueConstraint>
          <UniqueConstraint name="UC_Tables_Guid">
            <Column>Guid</Column>
          </UniqueConstraint>
        </UniqueConstraints>
        <Indexes>
          <Index name="Cinchy Default Index">
            <Column>Approval State</Column>
            <Column>Deleted</Column>
          </Index>
        </Indexes>
      </Table>
      <Table name="Open Tasks" domain="Cinchy Calendar" guid="7613f42f-a1b8-4300-8559-6aa307473e41" icon="fa fa-check-circle-o" iconColour="#CD7F32">
        <Columns>
          <Calculated name="Task ID" guid="6feb9816-3e15-4d1b-9837-46e717ede62d" allowLinking="false" calculationExpression="[Cinchy Id]" outputFormat="Number" outputFieldLength="300" />
          <Text name="Objective" guid="e77419af-cef2-42b1-b950-59101f5ebc3a" allowLinking="false" />
          <Text name="Task" guid="7d1bd857-9c89-4473-a402-f1983598a00f" allowLinking="false" />
          <Choice name="Status" guid="bf6aec9c-35ec-4dc5-8342-1a176ecd29c6" allowLinking="false">
            <Option>1. Past Due </Option>
            <Option>2. Due Today</Option>
            <Option>3. Due Soon</Option>
            <Option>4. Due Later </Option>
            <Option>5. Snooze</Option>
          </Choice>
          <Date name="Deadline" guid="6c90eec4-3fc4-41ac-8a92-eec15909f9a1" allowLinking="false" displayFormat="MMM DD, YYYY" />
          <Choice name="RAG" guid="b027b189-895e-454a-9797-91ea8ff8c9ba" allowLinking="false">
            <Option>1. Red</Option>
            <Option>2. Amber</Option>
            <Option>3. Green</Option>
          </Choice>
        </Columns>
        <UniqueConstraints />
        <Indexes>
          <Index name="Cinchy Default Index">
            <Column>Approval State</Column>
            <Column>Deleted</Column>
          </Index>
        </Indexes>
      </Table>
    </Tables>
  </Schema>
</Model>