Filter Criteria,Groups With View Access,Guid,Is Default,Json,Name,Table,Users With View Access
"","All Users","935D22E4-09F2-4F0C-B949-59E7FB232496_0777667C-1CAC-4AC5-B354-67DDA7AD22B4","True","","Default","Cinchy Forms.Forms",""
"","All Users","935D22E4-09F2-4F0C-B949-59E7FB232496_656893E7-7520-4673-84A6-17FF6DF83639","True","","Default","Cinchy Forms.Form Sections",""
"","All Users","935D22E4-09F2-4F0C-B949-59E7FB232496_A7D8F39C-09FD-45F5-97C3-03DC52D7AD7F","True","","Default","Cinchy Forms.Form Fields",""
"[Table Column].[Deleted] IS NOT NULL OR [Table Column].[Table].[Deleted] IS NOT NULL","All Users","935D22E4-09F2-4F0C-B949-59E7FB232496_D9DB49A6-2059-4A16-AF67-BF8AEE1E0DD9","False","","Deleted Columns","Cinchy Forms.Form Fields",""


