Caption Override,Child Form,Child Form Fields To Display,Child Form Filter,Child Form Link Field,Child Form Link ID,Child Form Parent ID,Data Format Type,Display Column,Do Not Wrap,Dropdown Column Filter,File Name Column,Flatten Child Form,Force As Optional,Form Section,Name Override,Number Display Format Override,Sequence Override,Sort Child Form Table,Table Column,Total Text Area Rows,View Only
"","Meta Form Child Form Fields","Meta Form Child Form Fields | . Child Forms | Child Form Fields To Display,Meta Form Child Form Fields | . Child Forms | Child Form Filter,Meta Form Child Form Fields | . Child Forms | Child Form Link Field,Meta Form Child Form Fields | . Child Forms | Form Section,Meta Form Child Form Fields | . Child Forms | Sequence,Meta Form Child Form Fields | . Child Forms | Sequence Override,Meta Form Child Form Fields | . Child Forms | Child Form","[Child Form] IS NOT NULL","Meta Form Child Form Fields | . Child Forms | Form Section","","","","","False","","","False","False","Meta Form Sections | 2. Section Fields","Child Form Fields Child Form","","","","","","False"
"","Meta Form Fields","Meta Form Fields | . Fields | Caption,Meta Form Fields | . Fields | Display Column,Meta Form Fields | . Fields | Form Section,Meta Form Fields | . Fields | Name,Meta Form Fields | . Fields | Name Override,Meta Form Fields | . Fields | Sequence,Meta Form Fields | . Fields | Sequence Override,Meta Form Fields | . Fields | Table Column,Meta Form Fields | . Fields | View Only","[Child Form] IS NULL","Meta Form Fields | . Fields | Form Section","","","","","False","","","False","False","Meta Form Sections | 2. Section Fields","Form Fields Child Form","","","","","","False"
"","Meta Form Sections","Meta Form Sections | 1. Section Definition | Auto-Expand,Meta Form Sections | 1. Section Definition | Columns In Row,Meta Form Sections | 1. Section Definition | Actions,Meta Form Sections | 1. Section Definition | Name,Meta Form Sections | 1. Section Definition | Sequence","","Meta Form Sections | 1. Section Definition | Form","","","","","False","","","False","False","Meta Form | 2. Form Sections","Form Sections Child Form","","","","","","False"


