<?xml version="1.0" encoding="utf-16"?>
<BatchDataSyncConfig name="DXDF - Cinchy - DXDATA - Formatting Rules" version="1.0.0" xmlns="http://www.cinchy.co">
  <Parameters>
    <Parameter name="filePath" />
    <Parameter name="dxdGuid" />
  </Parameters>
  <DelimitedDataSource delimiter="," textQualifier="&quot;" headerRowsToIgnore="1" path="@filePath" encoding="UTF8">
    <Schema>
      <Column name="Guid" dataType="Text" trimWhitespace="true" />
      <Column name="Highlight Color" dataType="Text" trimWhitespace="true" />
      <Column name="Highlight Columns" dataType="Text" trimWhitespace="true" />
      <Column name="Ordinal" dataType="Number" />
      <Column name="Row Condition" dataType="Text" trimWhitespace="true" />
      <Column name="Table" dataType="Text" trimWhitespace="true" />
    </Schema>
  </DelimitedDataSource>
  <CinchyTableTarget model="" domain="Cinchy" table="Formatting Rules" suppressDuplicateErrors="false">
    <ColumnMappings>
      <ColumnMapping sourceColumn="Guid" targetColumn="Sync GUID" />
      <ColumnMapping sourceColumn="Highlight Color" targetColumn="Highlight Color" linkColumn="Hex Value" />
      <ColumnMapping sourceColumn="Highlight Columns" targetColumn="Highlight Columns" linkColumn="Full Name" />
      <ColumnMapping sourceColumn="Ordinal" targetColumn="Ordinal" />
      <ColumnMapping sourceColumn="Row Condition" targetColumn="Row Condition" />
      <ColumnMapping sourceColumn="Table" targetColumn="Table" linkColumn="Full Name" />
    </ColumnMappings>
    <Filter>ISNULL([Sync GUID],'') LIKE '@dxdGuid_%'</Filter>
    <SyncKey>
      <SyncKeyColumnReference name="Sync GUID" />
    </SyncKey>
    <NewRecordBehaviour type="INSERT" />
    <ChangedRecordBehaviour type="UPDATE" />
    <DroppedRecordBehaviour type="DELETE" />
  </CinchyTableTarget>
</BatchDataSyncConfig>

