<?xml version="1.0" encoding="utf-16"?>
<BatchDataSyncConfig name="DXDF - Cinchy - DXDATA - Table Access Control" version="1.0.0" xmlns="http://www.cinchy.co">
  <Parameters>
    <Parameter name="filePath" />
    <Parameter name="dxdGuid" />
  </Parameters>
  <DelimitedDataSource delimiter="," textQualifier="&quot;" headerRowsToIgnore="1" path="@filePath" encoding="UTF8">
    <Schema>
      <Column name="Add Rows" dataType="Bool" />
      <Column name="Approvable Columns" dataType="Text" trimWhitespace="true" />
      <Column name="Approve Changes" dataType="Bool" />
      <Column name="Delete Rows" dataType="Bool" />
      <Column name="Design Table" dataType="Bool" />
      <Column name="Direct Query" dataType="Bool" />
      <Column name="Edit All Columns" dataType="Bool" />
      <Column name="Editable Columns" dataType="Text" trimWhitespace="true" />
      <Column name="Editable Row Filter" dataType="Text" trimWhitespace="true" />
      <Column name="Export Data" dataType="Bool" />
      <Column name="Groups" dataType="Text" trimWhitespace="true" />
      <Column name="Guid" dataType="Text" trimWhitespace="true" />
      <Column name="Install Table" dataType="Bool" />
      <Column name="Manage Controls" dataType="Bool" />
      <Column name="Table" dataType="Text" trimWhitespace="true" />
      <Column name="Users" dataType="Text" trimWhitespace="true" />
      <Column name="View All Columns" dataType="Bool" />
      <Column name="Viewable Columns" dataType="Text" trimWhitespace="true" />
      <Column name="Viewable Row Filter" dataType="Text" trimWhitespace="true" />
    </Schema>
  </DelimitedDataSource>
  <CinchyTableTarget model="" domain="Cinchy" table="Table Access Control" suppressDuplicateErrors="false">
    <ColumnMappings>
      <ColumnMapping sourceColumn="Add Rows" targetColumn="Add Rows" />
      <ColumnMapping sourceColumn="Approvable Columns" targetColumn="Approvable Columns" linkColumn="Full Name" />
      <ColumnMapping sourceColumn="Approve Changes" targetColumn="Approve Changes" />
      <ColumnMapping sourceColumn="Delete Rows" targetColumn="Delete Rows" />
      <ColumnMapping sourceColumn="Design Table" targetColumn="Design Table" />
      <ColumnMapping sourceColumn="Direct Query" targetColumn="Direct Query" />
      <ColumnMapping sourceColumn="Edit All Columns" targetColumn="Edit All Columns" />
      <ColumnMapping sourceColumn="Editable Columns" targetColumn="Editable Columns" linkColumn="Full Name" />
      <ColumnMapping sourceColumn="Editable Row Filter" targetColumn="Editable Row Filter" />
      <ColumnMapping sourceColumn="Export Data" targetColumn="Export Data" />
      <ColumnMapping sourceColumn="Groups" targetColumn="Groups" linkColumn="Name" />
      <ColumnMapping sourceColumn="Guid" targetColumn="Sync GUID" />
      <ColumnMapping sourceColumn="Install Table" targetColumn="Install Table" />
      <ColumnMapping sourceColumn="Manage Controls" targetColumn="Manage Controls" />
      <ColumnMapping sourceColumn="Table" targetColumn="Table" linkColumn="Full Name" />
      <!-- <ColumnMapping sourceColumn="Users" targetColumn="Users" linkColumn="Display Name" /> -->
      <ColumnMapping sourceColumn="View All Columns" targetColumn="View All Columns" />
      <ColumnMapping sourceColumn="Viewable Columns" targetColumn="Viewable Columns" linkColumn="Full Name" />
      <ColumnMapping sourceColumn="Viewable Row Filter" targetColumn="Viewable Row Filter" />
    </ColumnMappings>
    <Filter>ISNULL([Sync GUID],'') LIKE '@dxdGuid_%'</Filter>
    <SyncKey>
      <SyncKeyColumnReference name="Sync GUID" />
    </SyncKey>
    <NewRecordBehaviour type="INSERT" />
    <ChangedRecordBehaviour type="UPDATE" />
    <DroppedRecordBehaviour type="DELETE" />
  </CinchyTableTarget>
</BatchDataSyncConfig>

