<?xml version="1.0" encoding="utf-16"?>
<BatchDataSyncConfig name="DXDF - Cinchy - DXDATA - Data Experience Definitions" version="1.0.0" xmlns="http://www.cinchy.co">
  <Parameters>
    <Parameter name="filePath" />
    <Parameter name="dxdGuid" />
  </Parameters>
  <DelimitedDataSource delimiter="," textQualifier="&quot;" headerRowsToIgnore="1" path="@filePath" encoding="UTF8">
    <Schema>
      <Column name="Applets" dataType="Text" />
      <Column name="Builder Groups" dataType="Text" />
      <Column name="Builders" dataType="Text" />
      <Column name="Data Sync Configurations" dataType="Text" />
      <Column name="Formatting Rules" dataType="Text" />
      <Column name="Groups" dataType="Text" />
      <Column name="Guid" dataType="Text" />
      <Column name="Integrated Clients" dataType="Text" />
      <Column name="Literal Groups" dataType="Text" />
      <Column name="Models" dataType="Text" />
      <Column name="Name" dataType="Text" />
      <Column name="Reference Data" dataType="Text" />
      <Column name="Saved Queries" dataType="Text" />
      <Column name="System Colours" dataType="Text" />
      <Column name="Tables" dataType="Text" />
      <Column name="User Defined Functions" dataType="Text" />
    </Schema>
  </DelimitedDataSource>
  <CinchyTableTarget model="" domain="Cinchy" table="Data Experience Definitions" suppressDuplicateErrors="false">
    <ColumnMappings>
      <ColumnMapping sourceColumn="Applets" targetColumn="Applets" linkColumn="Full Name" />
      <ColumnMapping sourceColumn="Builder Groups" targetColumn="Builder Groups" linkColumn="Name" />
      <ColumnMapping sourceColumn="Builders" targetColumn="Builders" linkColumn="Display Name" />
      <ColumnMapping sourceColumn="Data Sync Configurations" targetColumn="Data Sync Configurations" linkColumn="Name" />
      <ColumnMapping sourceColumn="Formatting Rules" targetColumn="Formatting Rules" linkColumn="Sync GUID" />
      <ColumnMapping sourceColumn="Groups" targetColumn="Groups" linkColumn="Name" />
      <ColumnMapping sourceColumn="Guid" targetColumn="Sync GUID" />
      <ColumnMapping sourceColumn="Integrated Clients" targetColumn="Integrated Clients" linkColumn="Client Id" />
      <ColumnMapping sourceColumn="Literal Groups" targetColumn="Literal Groups" linkColumn="Name" />
      <ColumnMapping sourceColumn="Models" targetColumn="Models" linkColumn="Name" />
      <ColumnMapping sourceColumn="Name" targetColumn="Name" />
      <ColumnMapping sourceColumn="Reference Data" targetColumn="Reference Data" linkColumn="Name" />
      <ColumnMapping sourceColumn="Saved Queries" targetColumn="Saved Queries" linkColumn="Name" />
      <ColumnMapping sourceColumn="System Colours" targetColumn="System Colours" linkColumn="Name" />
      <ColumnMapping sourceColumn="Tables" targetColumn="Tables" linkColumn="Full Name" />
      <ColumnMapping sourceColumn="User Defined Functions" targetColumn="User Defined Functions" linkColumn="Name" />
    </ColumnMappings>
    <Filter>ISNULL([Sync GUID],'') = '@dxdGuid'</Filter>
    <SyncKey>
      <SyncKeyColumnReference name="Sync GUID" />
    </SyncKey>
    <NewRecordBehaviour type="INSERT" />
    <ChangedRecordBehaviour type="UPDATE" />
    <DroppedRecordBehaviour type="DELETE" />
  </CinchyTableTarget>
</BatchDataSyncConfig>

