<?xml version="1.0" encoding="utf-16"?>
<BatchDataSyncConfig name="DXDF - Cinchy - DXDATA - Views" version="1.0.0" xmlns="http://www.cinchy.co">
  <Parameters>
    <Parameter name="filePath" />
    <Parameter name="dxdGuid" />
  </Parameters>
  <DelimitedDataSource delimiter="," textQualifier="&quot;" headerRowsToIgnore="1" path="@filePath" encoding="UTF8">
    <Schema>
      <Column name="Filter Criteria" dataType="Text" trimWhitespace="true" />
      <Column name="Groups With View Access" dataType="Text" trimWhitespace="true" />
      <Column name="Guid" dataType="Text" trimWhitespace="true" />
      <Column name="Is Default" dataType="Bool" />
      <Column name="Json" dataType="Text" trimWhitespace="true" />
      <Column name="Name" dataType="Text" trimWhitespace="true" />
      <Column name="Table" dataType="Text" trimWhitespace="true" />
      <Column name="Users With View Access" dataType="Text" trimWhitespace="true" />
    </Schema>
  </DelimitedDataSource>
  <CinchyTableTarget model="" domain="Cinchy" table="Views" suppressDuplicateErrors="false">
    <ColumnMappings>
      <ColumnMapping sourceColumn="Filter Criteria" targetColumn="Filter Criteria" />
      <ColumnMapping sourceColumn="Groups With View Access" targetColumn="Groups With View Access" linkColumn="Name" />
      <ColumnMapping sourceColumn="Guid" targetColumn="Sync GUID" />
      <ColumnMapping sourceColumn="Is Default" targetColumn="Is Default" />
      <ColumnMapping sourceColumn="Json" targetColumn="Json" />
      <ColumnMapping sourceColumn="Name" targetColumn="Name" />
      <ColumnMapping sourceColumn="Table" targetColumn="Table" linkColumn="Full Name" />
      <!-- <ColumnMapping sourceColumn="Users With View Access" targetColumn="Users With View Access" linkColumn="Display Name" /> -->
    </ColumnMappings>
    <Filter>ISNULL([Sync GUID],'') LIKE '@dxdGuid_%'</Filter>
    <SyncKey>
      <SyncKeyColumnReference name="Sync GUID" />
    </SyncKey>
    <NewRecordBehaviour type="INSERT" />
    <ChangedRecordBehaviour type="UPDATE" />
    <DroppedRecordBehaviour type="DELETE" />
    <PostSyncScripts>
      <PostSyncScript name="Recalculate Renamed Table Views" timeout="500">
        <CQL>
          UPDATE v
          SET
            v.[Sync GUID] = v.[Sync GUID]
          FROM [Cinchy].[Cinchy].[Views] v
          WHERE
            v.[Deleted] IS NULL
            AND v.[Display Name] != CONCAT(v.[Name], ' (', v.[Table].[Full Name], ')')
        </CQL>
      </PostSyncScript>
    </PostSyncScripts>
  </CinchyTableTarget>
</BatchDataSyncConfig>

