<?xml version="1.0" encoding="utf-16"?>
<BatchDataSyncConfig name="DXDF - Cinchy - DXDATA - Data Experience Releases" version="1.0.0" xmlns="http://www.cinchy.co">
  <Parameters>
    <Parameter name="filePath" />
    <Parameter name="dxdGuid" />
  </Parameters>
  <DelimitedDataSource delimiter="," textQualifier="&quot;" headerRowsToIgnore="1" path="@filePath" encoding="UTF8">
    <Schema>
      <Column name="Data Experience" dataType="Text" />
      <Column name="Release Version" dataType="Text" />
    </Schema>
  </DelimitedDataSource>
  <CinchyTableTarget model="" domain="Cinchy" table="Data Experience Releases" suppressDuplicateErrors="false">
    <ColumnMappings>
      <ColumnMapping sourceColumn="Data Experience" targetColumn="Data Experience" linkColumn="Sync GUID" />
      <ColumnMapping sourceColumn="Release Version" targetColumn="Release Version" />
    </ColumnMappings>
    <Filter>[Data Experience].[Sync GUID] = '@dxdGuid'</Filter>
    <SyncKey>
      <SyncKeyColumnReference name="Data Experience" />
      <SyncKeyColumnReference name="Release Version" />
    </SyncKey>
    <NewRecordBehaviour type="INSERT" />
    <ChangedRecordBehaviour type="UPDATE" />
    <DroppedRecordBehaviour type="DELETE" />
  </CinchyTableTarget>
</BatchDataSyncConfig>

