<?xml version="1.0" encoding="utf-16"?>
<BatchDataSyncConfig name="DXDF - Cinchy - DXDATA - Saved Queries" version="1.0.0" xmlns="http://www.cinchy.co">
  <Parameters>
    <Parameter name="filePath" />
    <Parameter name="dxdGuid" />
  </Parameters>
  <DelimitedDataSource delimiter="," textQualifier="&quot;" headerRowsToIgnore="1" path="@filePath" encoding="UTF8">
    <Schema>
      <Column name="API Result Format" dataType="Text" trimWhitespace="true" />
      <Column name="CQL" dataType="Text" trimWhitespace="true" />
      <Column name="Description" dataType="Text" trimWhitespace="true" />
      <Column name="Domain" dataType="Text" trimWhitespace="true" />
      <Column name="Groups With Design Access" dataType="Text" trimWhitespace="true" />
      <Column name="Groups With Execute Access" dataType="Text" trimWhitespace="true" />
      <Column name="Guid" dataType="Text" trimWhitespace="true" />
      <Column name="Icon" dataType="Text" trimWhitespace="true" />
      <Column name="Icon Colour" dataType="Text" trimWhitespace="true" />
      <Column name="Name" dataType="Text" trimWhitespace="true" />
      <Column name="Timeout" dataType="Number" />
      <Column name="Type" dataType="Text" trimWhitespace="true" />
      <Column name="Users With Design Access" dataType="Text" trimWhitespace="true" />
      <Column name="Users With Execute Access" dataType="Text" trimWhitespace="true" />
    </Schema>
  </DelimitedDataSource>
  <CinchyTableTarget model="" domain="Cinchy" table="Saved Queries" suppressDuplicateErrors="false">
    <ColumnMappings>
      <ColumnMapping sourceColumn="API Result Format" targetColumn="API Result Format" />
      <ColumnMapping sourceColumn="CQL" targetColumn="CQL" />
      <ColumnMapping sourceColumn="Description" targetColumn="Description" />
      <ColumnMapping sourceColumn="Domain" targetColumn="Domain" linkColumn="Name" />
      <ColumnMapping sourceColumn="Groups With Design Access" targetColumn="Groups With Design Access" linkColumn="Name" />
      <ColumnMapping sourceColumn="Groups With Execute Access" targetColumn="Groups With Execute Access" linkColumn="Name" />
      <ColumnMapping sourceColumn="Guid" targetColumn="Sync GUID" />
      <ColumnMapping sourceColumn="Icon" targetColumn="Icon" linkColumn="CSS Class" />
      <ColumnMapping sourceColumn="Icon Colour" targetColumn="Icon Colour" linkColumn="Name" />
      <ColumnMapping sourceColumn="Name" targetColumn="Name" />
      <ColumnMapping sourceColumn="Timeout" targetColumn="Timeout" />
      <ColumnMapping sourceColumn="Type" targetColumn="Type" />
      <!-- <ColumnMapping sourceColumn="Users With Design Access" targetColumn="Users With Design Access" linkColumn="Display Name" /> -->
      <!-- <ColumnMapping sourceColumn="Users With Execute Access" targetColumn="Users With Execute Access" linkColumn="Display Name" /> -->
    </ColumnMappings>
    <Filter>ISNULL([Sync GUID],'') LIKE '@dxdGuid_%'</Filter>
    <SyncKey>
      <SyncKeyColumnReference name="Sync GUID" />
    </SyncKey>
    <NewRecordBehaviour type="INSERT" />
    <ChangedRecordBehaviour type="UPDATE" />
    <DroppedRecordBehaviour type="DELETE" />
  </CinchyTableTarget>
</BatchDataSyncConfig>

