<?xml version="1.0" encoding="utf-16"?>
<BatchDataSyncConfig name="DXDF - Cinchy - DXDATA - Literal Translations" version="1.0.0" xmlns="http://www.cinchy.co">
  <Parameters>
    <Parameter name="filePath" />
    <Parameter name="dxdGuid" />
  </Parameters>
  <DelimitedDataSource delimiter="," textQualifier="&quot;" headerRowsToIgnore="1" path="@filePath" encoding="UTF8">
    <Schema>
      <Column name="Guid" dataType="Text" trimWhitespace="true" />
      <Column name="Language" dataType="Text" trimWhitespace="true" />
      <Column name="Literal" dataType="Text" trimWhitespace="true" />
      <Column name="Region" dataType="Text" trimWhitespace="true" />
      <Column name="Translated Text" dataType="Text" trimWhitespace="true" />
    </Schema>
  </DelimitedDataSource>
  <CinchyTableTarget model="" domain="Cinchy" table="Literal Translations" suppressDuplicateErrors="false">
    <ColumnMappings>
      <ColumnMapping sourceColumn="Guid" targetColumn="Sync GUID" />
      <ColumnMapping sourceColumn="Language" targetColumn="Language" linkColumn="Subtag" />
      <ColumnMapping sourceColumn="Literal" targetColumn="Literal" linkColumn="Guid" />
      <ColumnMapping sourceColumn="Region" targetColumn="Region" linkColumn="Subtag" />
      <ColumnMapping sourceColumn="Translated Text" targetColumn="Translated Text" />
    </ColumnMappings>
    <Filter>ISNULL([Sync GUID],'') LIKE '@dxdGuid_%'</Filter>
    <SyncKey>
      <SyncKeyColumnReference name="Sync GUID" />
    </SyncKey>
    <NewRecordBehaviour type="INSERT" />
    <ChangedRecordBehaviour type="UPDATE" />
    <DroppedRecordBehaviour type="DELETE" />
  </CinchyTableTarget>
</BatchDataSyncConfig>

