<?xml version="1.0" encoding="utf-16"?>
<BatchDataSyncConfig name="DXDF - Cinchy - DXDATA - Groups" version="1.0.0" xmlns="http://www.cinchy.co">
  <Parameters>
    <Parameter name="filePath" />
    <Parameter name="dxdGuid" />
  </Parameters>
  <DelimitedDataSource delimiter="," textQualifier="&quot;" headerRowsToIgnore="1" path="@filePath" encoding="UTF8">
    <Schema>
      <Column name="Group Type" dataType="Text" trimWhitespace="true" />
      <Column name="Guid" dataType="Text" trimWhitespace="true" />
      <Column name="Name" dataType="Text" trimWhitespace="true" />
      <Column name="Owner Groups" dataType="Text" trimWhitespace="true" />
      <Column name="Owners" dataType="Text" trimWhitespace="true" />
      <Column name="User Groups" dataType="Text" trimWhitespace="true" />
      <Column name="Users" dataType="Text" trimWhitespace="true" />
    </Schema>
  </DelimitedDataSource>
  <CinchyTableTarget model="" domain="Cinchy" table="Groups" suppressDuplicateErrors="false">
    <ColumnMappings>
      <ColumnMapping sourceColumn="Group Type" targetColumn="Group Type" />
      <ColumnMapping sourceColumn="Guid" targetColumn="Sync GUID" />
      <ColumnMapping sourceColumn="Name" targetColumn="Name" />
      <ColumnMapping sourceColumn="Owner Groups" targetColumn="Owner Groups" linkColumn="Name" />
      <!--ColumnMapping sourceColumn="Owners" targetColumn="Owners" linkColumn="Display Name" /-->
      <ColumnMapping sourceColumn="User Groups" targetColumn="User Groups" linkColumn="Name" />
      <!--ColumnMapping sourceColumn="Users" targetColumn="Users" linkColumn="Display Name" /-->
    </ColumnMappings>
    <Filter>ISNULL([Sync GUID],'') LIKE '@dxdGuid_%'</Filter>
    <SyncKey>
      <SyncKeyColumnReference name="Sync GUID" />
    </SyncKey>
    <NewRecordBehaviour type="INSERT" />
    <ChangedRecordBehaviour type="UPDATE" />
    <DroppedRecordBehaviour type="DELETE" />
  </CinchyTableTarget>
</BatchDataSyncConfig>

