Add Rows,Approvable Columns,Approve Changes,Delete Rows,Design Table,Direct Query,Edit All Columns,Editable Columns,Editable Row Filter,Export Data,Groups,Guid,Install Table,Manage Controls,Table,Users,View All Columns,Viewable Columns,Viewable Row Filter
"True","","False","True","False","True","True","","","True","Form Builders","935D22E4-09F2-4F0C-B949-59E7FB232496_39EDED1F-462D-4F10-B504-3A3C96FC0D61","True","False","Cinchy Forms.Form Fields","","True","",""
"True","","False","True","False","True","True","","","True","Form Builders","935D22E4-09F2-4F0C-B949-59E7FB232496_C5071D00-40CF-43D1-88E1-4397BFC141B2","True","False","Cinchy Forms.Forms","","True","",""
"True","","False","True","False","True","True","","","True","Form Builders","935D22E4-09F2-4F0C-B949-59E7FB232496_F00EFB64-8532-4A59-9CAD-DC722F74642F","True","False","Cinchy Forms.Form Sections","","True","",""


