Changed Records,Dropped Records,Expiration Timestamp Field,Filter,Target Filter,Name,New Records,Ordinal,Sync Key,Table,Guid
"UPDATE","IGNORE","","[Form].[Form ID] in ('formfielddesigner','childformdesigner','formsectiondesigner','formdesigner')","[Form].[Form ID] in ('formfielddesigner','childformdesigner','formsectiondesigner','formdesigner')","Meta Form Sections","INSERT",2,"Cinchy Forms.Form Sections.Form,Cinchy Forms.Form Sections.Name,Cinchy Forms.Form Sections.Sequence","Cinchy Forms.Form Sections","935D22E4-09F2-4F0C-B949-59E7FB232496_1"
"UPDATE","IGNORE","","[Child Form] IS NULL AND [Form Section].[Form].[Form ID] in ('formfielddesigner','childformdesigner','formsectiondesigner','formdesigner')","[Child Form] IS NULL AND [Form Section].[Form].[Form ID] in ('formfielddesigner','childformdesigner','formsectiondesigner','formdesigner')","Meta Form Fields","INSERT",3,"Cinchy Forms.Form Fields.Form Section,Cinchy Forms.Form Fields.Name Override,Cinchy Forms.Form Fields.Table Column","Cinchy Forms.Form Fields","935D22E4-09F2-4F0C-B949-59E7FB232496_2"
"UPDATE","IGNORE","","[Child Form] IS NOT NULL AND [Form Section].[Form].[Form ID] in ('formfielddesigner','childformdesigner','formsectiondesigner','formdesigner')","[Child Form] IS NOT NULL AND [Form Section].[Form].[Form ID] in ('formfielddesigner','childformdesigner','formsectiondesigner','formdesigner')","Meta Form Child Fields","INSERT",4,"Cinchy Forms.Form Fields.Form Section,Cinchy Forms.Form Fields.Name Override,Cinchy Forms.Form Fields.Table Column","Cinchy Forms.Form Fields","935D22E4-09F2-4F0C-B949-59E7FB232496_3"
"UPDATE","IGNORE","","[Form ID] in ('formfielddesigner','childformdesigner','formsectiondesigner','formdesigner')","[Form ID] in ('formfielddesigner','childformdesigner','formsectiondesigner','formdesigner')","Meta Form","INSERT",1,"Cinchy Forms.Forms.Form ID","Cinchy Forms.Forms","935D22E4-09F2-4F0C-B949-59E7FB232496_4"


