Application Url,Description,Domain,Groups,Guid,Icon,Icon Colour,Integrated Client,Name,Target Window,Users
"https://pilot.cinchy.net/dxdev/dx/metaforms","","Cinchy Forms","All Users","935D22E4-09F2-4F0C-B949-59E7FB232496_33A53628-E4DD-46A3-A839-BA4EA82B18EF","fa fa-edit","Grey","Meta Forms","Editor","Existing Window (Embedded)",""
"https://pilot.cinchy.net/dxdev/cinchy/apps/integrated?appid=2&formid=formdesigner&rowid=null","","Cinchy Forms","","935D22E4-09F2-4F0C-B949-59E7FB232496_DFE73BCE-A541-455D-B6BC-0DFB3EC4723B","fa fa-edit","Grey","","Form Designer","Existing Window (Redirect)",""


