Changed Records,Dropped Records,Expiration Timestamp Field,Filter,Target Filter,Name,New Records,Ordinal,Sync Key,Table,Sync GUID
"UPDATE","IGNORE","","[Form ID] in ('formfielddesigner','childformdesigner','formsectiondesigner','formdesigner')","[Form ID] in ('formfielddesigner','childformdesigner','formsectiondesigner','formdesigner')","Meta Form","INSERT",1,"2aa5832f-3bbc-40ec-8f42-58c2e83b82ed","2cb21536-80b5-41c5-aa29-262368bb32f9","935D22E4-09F2-4F0C-B949-59E7FB232496_4"
"UPDATE","IGNORE","","[Form].[Form ID] in ('formfielddesigner','childformdesigner','formsectiondesigner','formdesigner')","[Form].[Form ID] in ('formfielddesigner','childformdesigner','formsectiondesigner','formdesigner')","Meta Form Sections","INSERT",2,"1688c8f1-af5a-4416-8183-da237021038b,24636aec-6a18-4f87-8210-959526a1f575,9711007c-9d30-4038-a6b9-1b52d6b0ed92","43bed9aa-2592-4e77-a124-e96d0139ca5d","935D22E4-09F2-4F0C-B949-59E7FB232496_1"
"UPDATE","IGNORE","","[Child Form] IS NULL AND [Form Section].[Form].[Form ID] in ('formfielddesigner','childformdesigner','formsectiondesigner','formdesigner')","[Child Form] IS NULL AND [Form Section].[Form].[Form ID] in ('formfielddesigner','childformdesigner','formsectiondesigner','formdesigner')","Meta Form Fields","INSERT",3,"22593abb-cfa9-40c9-88db-494529d1c1ee,2b25d3f6-b0a7-4891-8122-4a51e3061e0b,9f939af5-8c99-4869-98dd-60676e1ea053","59596dda-1e38-4ff9-83c7-1bc409ff464f","935D22E4-09F2-4F0C-B949-59E7FB232496_2"
"UPDATE","IGNORE","","[Child Form] IS NOT NULL AND [Form Section].[Form].[Form ID] in ('formfielddesigner','childformdesigner','formsectiondesigner','formdesigner')","[Child Form] IS NOT NULL AND [Form Section].[Form].[Form ID] in ('formfielddesigner','childformdesigner','formsectiondesigner','formdesigner')","Meta Form Child Fields","INSERT",4,"22593abb-cfa9-40c9-88db-494529d1c1ee,2b25d3f6-b0a7-4891-8122-4a51e3061e0b,9f939af5-8c99-4869-98dd-60676e1ea053","59596dda-1e38-4ff9-83c7-1bc409ff464f","935D22E4-09F2-4F0C-B949-59E7FB232496_3"


