<?xml version="1.0" encoding="utf-16"?>
<BatchDataSyncConfig name="DXDF - Cinchy - DXDATA - View Column Link Graph" version="1.0.0" xmlns="http://www.cinchy.co">
  <Parameters>
    <Parameter name="filePath" />
    <Parameter name="dxdGuid" />
  </Parameters>
  <DelimitedDataSource delimiter="," textQualifier="&quot;" headerRowsToIgnore="1" path="@filePath" encoding="UTF8">
    <Schema>
      <Column name="Guid" dataType="Text" trimWhitespace="true" />
      <Column name="Link Column" dataType="Text" trimWhitespace="true" />
      <Column name="Traversal Sequence" dataType="Number" />
      <Column name="View Column" dataType="Text" trimWhitespace="true" />
    </Schema>
  </DelimitedDataSource>
  <CinchyTableTarget model="" domain="Cinchy" table="View Column Link Graph" suppressDuplicateErrors="false">
    <ColumnMappings>
      <ColumnMapping sourceColumn="Guid" targetColumn="Sync GUID" />
      <ColumnMapping sourceColumn="Link Column" targetColumn="Link Column" linkColumn="Full Name" />
      <ColumnMapping sourceColumn="Traversal Sequence" targetColumn="Traversal Sequence" />
      <ColumnMapping sourceColumn="View Column" targetColumn="View Column" linkColumn="Display Name" />
    </ColumnMappings>
    <Filter>ISNULL([Sync GUID],'') LIKE '@dxdGuid_%'</Filter>
    <SyncKey>
      <SyncKeyColumnReference name="Sync GUID" />
    </SyncKey>
    <NewRecordBehaviour type="INSERT" />
    <ChangedRecordBehaviour type="UPDATE" />
    <DroppedRecordBehaviour type="DELETE" />
  </CinchyTableTarget>
</BatchDataSyncConfig>

