<?xml version="1.0" encoding="utf-16"?>
<BatchDataSyncConfig name="DXDF - Cinchy - DXDATA - View Columns" version="1.0.0" xmlns="http://www.cinchy.co">
  <Parameters>
    <Parameter name="filePath" />
    <Parameter name="dxdGuid" />
  </Parameters>
  <DelimitedDataSource delimiter="," textQualifier="&quot;" headerRowsToIgnore="1" path="@filePath" encoding="UTF8">
    <Schema>
      <Column name="Aggregate Operation" dataType="Text" trimWhitespace="true" />
      <Column name="Column" dataType="Text" trimWhitespace="true" />
      <Column name="Group By Ordinal" dataType="Number" />
      <Column name="Guid" dataType="Text" trimWhitespace="true" />
      <Column name="Ordinal" dataType="Number" />
      <Column name="Sort Ascending" dataType="Bool" />
      <Column name="Sort Ordinal" dataType="Number" />
      <Column name="View" dataType="Text" trimWhitespace="true" />
    </Schema>
  </DelimitedDataSource>
  <CinchyTableTarget model="" domain="Cinchy" table="View Columns" suppressDuplicateErrors="false">
    <ColumnMappings>
      <ColumnMapping sourceColumn="Aggregate Operation" targetColumn="Aggregate Operation" />
      <ColumnMapping sourceColumn="Column" targetColumn="Column" linkColumn="Full Name" />
      <ColumnMapping sourceColumn="Group By Ordinal" targetColumn="Group By Ordinal" />
      <ColumnMapping sourceColumn="Guid" targetColumn="Sync GUID" />
      <ColumnMapping sourceColumn="Ordinal" targetColumn="Ordinal" />
      <ColumnMapping sourceColumn="Sort Ascending" targetColumn="Sort Ascending" />
      <ColumnMapping sourceColumn="Sort Ordinal" targetColumn="Sort Ordinal" />
      <ColumnMapping sourceColumn="View" targetColumn="View" linkColumn="Display Name" />
    </ColumnMappings>
    <Filter>ISNULL([Sync GUID],'') LIKE '@dxdGuid_%'</Filter>
    <SyncKey>
      <SyncKeyColumnReference name="Sync GUID" />
    </SyncKey>
    <NewRecordBehaviour type="INSERT" />
    <ChangedRecordBehaviour type="UPDATE" />
    <DroppedRecordBehaviour type="DELETE" />
    <PostSyncScripts>
      <PostSyncScript name="Recalculate Renamed Table View Columns" timeout="500">
        <CQL>
          UPDATE vc
          SET
            vc.[Sync GUID] = vc.[Sync GUID]
          FROM [Cinchy].[Cinchy].[View Columns] vc
          WHERE
            vc.[Deleted] IS NULL
            AND vc.[Display Name] != CONCAT(vc.[View].[Display Name], ': ', vc.[Column].[Full Name])
        </CQL>
      </PostSyncScript>
    </PostSyncScripts>
  </CinchyTableTarget>
</BatchDataSyncConfig>

