<?xml version="1.0" encoding="utf-16"?>
<BatchDataSyncConfig name="DXDF - Cinchy - DXDATA - Data Experience Reference Data" version="1.0.0" xmlns="http://www.cinchy.co">
  <Parameters>
    <Parameter name="filePath" />
    <Parameter name="dxdGuid" />
  </Parameters>
  <DelimitedDataSource delimiter="," textQualifier="&quot;" headerRowsToIgnore="1" path="@filePath" encoding="UTF8">
    <Schema>
      <Column name="Changed Records" dataType="Text" />
      <Column name="Dropped Records" dataType="Text" />
      <Column name="Expiration Timestamp Field" dataType="Text" />
      <Column name="Filter" dataType="Text" />
      <Column name="Target Filter" dataType="Text" />
      <Column name="Name" dataType="Text" />
      <Column name="New Records" dataType="Text" />
      <Column name="Ordinal" dataType="Number" />
      <Column name="Sync Key" dataType="Text" />
      <Column name="Table" dataType="Text" />
      <Column name="Guid" dataType="Text" />
    </Schema>
  </DelimitedDataSource>
  <CinchyTableTarget model="" domain="Cinchy" table="Data Experience Reference Data" suppressDuplicateErrors="false">
    <ColumnMappings>
      <ColumnMapping sourceColumn="Changed Records" targetColumn="Changed Records" />
      <ColumnMapping sourceColumn="Dropped Records" targetColumn="Dropped Records" />
      <ColumnMapping sourceColumn="Expiration Timestamp Field" targetColumn="Expiration Timestamp Field" linkColumn="Full Name" />
      <ColumnMapping sourceColumn="Filter" targetColumn="Filter" />
      <ColumnMapping sourceColumn="Target Filter" targetColumn="Target Filter" />
      <ColumnMapping sourceColumn="Name" targetColumn="Name" />
      <ColumnMapping sourceColumn="New Records" targetColumn="New Records" />
      <ColumnMapping sourceColumn="Ordinal" targetColumn="Ordinal" />
      <ColumnMapping sourceColumn="Sync Key" targetColumn="Sync Key" linkColumn="Full Name" />
      <ColumnMapping sourceColumn="Table" targetColumn="Table" linkColumn="Full Name" />
      <ColumnMapping sourceColumn="Guid" targetColumn="Sync GUID" />
    </ColumnMappings>
    <Filter>ISNULL([Sync GUID],'') LIKE '@dxdGuid_%'</Filter>
    <SyncKey>
      <SyncKeyColumnReference name="Sync GUID" />
    </SyncKey>
    <NewRecordBehaviour type="INSERT" />
    <ChangedRecordBehaviour type="UPDATE" />
    <DroppedRecordBehaviour type="DELETE" />
  </CinchyTableTarget>
</BatchDataSyncConfig>

