<?xml version="1.0" encoding="utf-16"?>
<BatchDataSyncConfig name="DXDF - Cinchy - DXDATA - Applets" version="1.0.0" xmlns="http://www.cinchy.co">
  <Parameters>
    <Parameter name="filePath" />
    <Parameter name="dxdGuid" />
  </Parameters>
  <DelimitedDataSource delimiter="," textQualifier="&quot;" headerRowsToIgnore="1" path="@filePath" encoding="UTF8">
    <Schema>
      <Column name="Application Url" dataType="Text" trimWhitespace="true" />
      <Column name="Description" dataType="Text" trimWhitespace="true" />
      <Column name="Domain" dataType="Text" trimWhitespace="true" />
      <Column name="Groups" dataType="Text" trimWhitespace="true" />
      <Column name="Guid" dataType="Text" trimWhitespace="true" />
      <Column name="Icon" dataType="Text" trimWhitespace="true" />
      <Column name="Icon Colour" dataType="Text" trimWhitespace="true" />
      <Column name="Integrated Client" dataType="Text" trimWhitespace="true" />
      <Column name="Name" dataType="Text" trimWhitespace="true" />
      <Column name="Target Window" dataType="Text" trimWhitespace="true" />
      <Column name="Users" dataType="Text" trimWhitespace="true" />
    </Schema>
  </DelimitedDataSource>
  <CinchyTableTarget model="" domain="Cinchy" table="Applets" suppressDuplicateErrors="false">
    <ColumnMappings>
      <ColumnMapping sourceColumn="Application Url" targetColumn="Application Url" />
      <ColumnMapping sourceColumn="Description" targetColumn="Description" />
      <ColumnMapping sourceColumn="Domain" targetColumn="Domain" linkColumn="Name" />
      <ColumnMapping sourceColumn="Groups" targetColumn="Groups" linkColumn="Name" />
      <ColumnMapping sourceColumn="Guid" targetColumn="Sync GUID" />
      <ColumnMapping sourceColumn="Icon" targetColumn="Icon" linkColumn="CSS Class" />
      <ColumnMapping sourceColumn="Icon Colour" targetColumn="Icon Colour" linkColumn="Name" />
      <ColumnMapping sourceColumn="Integrated Client" targetColumn="Integrated Client" linkColumn="Client Name" />
      <ColumnMapping sourceColumn="Name" targetColumn="Name" />
      <ColumnMapping sourceColumn="Target Window" targetColumn="Target Window" />
      <!-- <ColumnMapping sourceColumn="Users" targetColumn="Users" linkColumn="Display Name" /> -->
    </ColumnMappings>
    <Filter>ISNULL([Sync GUID],'') LIKE '@dxdGuid_%'</Filter>
    <SyncKey>
      <SyncKeyColumnReference name="Sync GUID" />
    </SyncKey>
    <NewRecordBehaviour type="INSERT" />
    <ChangedRecordBehaviour type="UPDATE" />
    <DroppedRecordBehaviour type="DELETE" />
  </CinchyTableTarget>
</BatchDataSyncConfig>

