<?xml version="1.0" encoding="utf-16"?>
<BatchDataSyncConfig name="DXDF - Cinchy - DXDATA - Data Sync Configurations" version="1.0.0" xmlns="http://www.cinchy.co">
    <Parameters>
        <Parameter name="filePath"/>
        <Parameter name="dxdGuid"/>
    </Parameters>
    <DelimitedDataSource source="PATH" path="@filePath" delimiter="," textQualifier="&quot;" headerRowsToIgnore="0" encoding="UTF8" useHeaderRecord="true">
        <Schema>
            <Column name="Config XML" dataType="Text" trimWhitespace="true" isMandatory="false" validateData="false"/>
            <Column name="Read Groups" dataType="Text" trimWhitespace="true" isMandatory="false" validateData="false"/>
            <Column name="Write Groups" dataType="Text" trimWhitespace="true" isMandatory="false" validateData="false"/>
            <Column name="Execute Groups" dataType="Text" trimWhitespace="true" isMandatory="false" validateData="false"/>
            <Column name="Admin Groups" dataType="Text" trimWhitespace="true" isMandatory="false" validateData="false"/>
            <Column name="Sync GUID" dataType="Text" trimWhitespace="true" isMandatory="false" validateData="false"/>
        </Schema>
    </DelimitedDataSource>
    <CinchyTableTarget reconcileData="true" domain="Cinchy" table="Data Sync Configurations" suppressDuplicateErrors="false" degreeOfParallelism="1">
        <ColumnMappings>
            <ColumnMapping sourceColumn="Config XML" targetColumn="Config XML"/>
            <ColumnMapping sourceColumn="Read Groups" targetColumn="Read Groups" linkColumn="Name"/>
            <ColumnMapping sourceColumn="Write Groups" targetColumn="Write Groups" linkColumn="Name"/>
            <ColumnMapping sourceColumn="Execute Groups" targetColumn="Execute Groups" linkColumn="Name"/>
            <ColumnMapping sourceColumn="Admin Groups" targetColumn="Admin Groups" linkColumn="Name"/>
            <ColumnMapping sourceColumn="Sync GUID" targetColumn="Sync GUID"/>
        </ColumnMappings>
        <Filter>ISNULL([Sync GUID],'') LIKE '@dxdGuid_%'</Filter>
        <SyncKey readonly="false">
            <SyncKeyColumnReference name="Sync GUID"/>
        </SyncKey>
        <NewRecordBehaviour type="INSERT"/>
        <DroppedRecordBehaviour type="DELETE"/>
        <ChangedRecordBehaviour type="UPDATE"/>
        <PostSyncScripts/>
    </CinchyTableTarget>
</BatchDataSyncConfig>
