<?xml version="1.0" encoding="utf-16"?>
<Model xmlns:xsi="http://www.w3.org/2001/XMLSchema-instance" xmlns:xsd="http://www.w3.org/2001/XMLSchema" name="Meta-Forms-Data-Experience" version="5.11.0" xmlns="http://www.cinchy.co">
  <Schema>
    <Tables>
      <Table name="Form Fields" domain="Cinchy Forms" guid="59596dda-1e38-4ff9-83c7-1bc409ff464f" icon="fa fa-edit" iconColour="#7030A0" publishDataChangeNotifications="false">
        <Columns>
          <Calculated name="Actions" guid="b0a3b809-38f5-4978-882d-8d21074fe552" allowLinking="false" calculationExpression="/*Form Fields.Action&gt;*/&#xD;&#xA;&#xD;&#xA;CASE WHEN [Child Form] IS NOT NULL&#xD;&#xA;     THEN CONCAT('&lt;a target=&quot;_parent&quot; href=&quot;../../../../dxdev-mssql-1/Apps/Integrated?appId=2&amp;formId=childformdesigner&amp;rowId=', [Cinchy ID], '&quot;&gt;Design&lt;/a&gt;')&#xD;&#xA;     ELSE CONCAT('&lt;a target=&quot;_parent&quot; href=&quot;../../../../dxdev-mssql-1/Apps/Integrated?appId=2&amp;formId=formfielddesigner&amp;rowId=', [Cinchy ID], '&quot;&gt;Design&lt;/a&gt;')&#xD;&#xA;     END &#xD;&#xA;&#xD;&#xA;/*&lt;Form Fields.Action*/" outputFormat="Text" outputFieldLength="1000" />
          <Link name="Form Section" guid="22593abb-cfa9-40c9-88db-494529d1c1ee" isMandatory="true" allowLinking="false" linkedTableDomain="Cinchy Forms" linkedTable="Form Sections">
            <SearchDisplayColumns>
              <LinkedColumn isPrimary="true">Form Section Key</LinkedColumn>
            </SearchDisplayColumns>
          </Link>
          <Calculated name="Sequence" guid="955abac7-4269-45ff-88a0-e948e3ac4bbe" allowLinking="false" calculationExpression="ISNULL([Sequence Override], [Table Column].[Ordinal])" outputFormat="Number" outputFieldLength="300" cache="false" />
          <Number name="Sequence Override" guid="bb091101-4ebe-4281-afe4-3c117bbdf64e" allowLinking="false" displayFormat="0,0" />
          <Text name="Name Override" guid="2b25d3f6-b0a7-4891-8122-4a51e3061e0b" />
          <Calculated name="Name" guid="8ad7d0e0-9a0c-4d85-b2ee-8c8d33ed3f96" calculationExpression="CASE  WHEN ISNULL([Name Override], '') = '' THEN&#xD;&#xA;  [Table Column].[Name]&#xD;&#xA;ELSE &#xD;&#xA;  [Name Override]&#xD;&#xA;END" outputFormat="Text" outputFieldLength="300" />
          <Link name="Table Column" guid="9f939af5-8c99-4869-98dd-60676e1ea053" allowLinking="false" linkedTableDomain="Cinchy" linkedTable="Table Columns" linkFilterExpression="[Is System Column] = 0">
            <SearchDisplayColumns>
              <LinkedColumn isPrimary="true">Full Name</LinkedColumn>
            </SearchDisplayColumns>
          </Link>
          <Link name="File Name Column" guid="b1a405fb-f99c-4086-9f34-422837dede5d" allowLinking="false" linkedTableDomain="Cinchy" linkedTable="Table Columns">
            <SearchDisplayColumns>
              <LinkedColumn isPrimary="true">Full Name</LinkedColumn>
            </SearchDisplayColumns>
          </Link>
          <Calculated name="Caption" guid="b3c6bb81-2ada-4e51-93d3-12b1aeda5086" allowLinking="false" calculationExpression="CASE WHEN ISNULL([Caption Override], '') = '' THEN&#xD;&#xA;  [Table Column].[Description]&#xD;&#xA;ELSE &#xD;&#xA;  [Caption Override]&#xD;&#xA;END" outputFormat="Text" outputFieldLength="1000" cache="false" />
          <Text name="Caption Override" guid="92abc60e-fdcf-45a1-9897-8337840a1ada" allowLinking="false" />
          <YesNo name="View Only" guid="4807a4c1-541e-4838-9d8a-e816230723e5" allowLinking="false" defaultValue="false" />
          <Text name="Display Column" guid="52f888cb-3e31-4a33-9af3-b737813799da" allowLinking="false" />
          <Choice name="Data Format Type" guid="78c376ba-508a-41b3-9e95-63220bd85325" allowLinking="false">
            <Option>CQL</Option>
            <Option>Javascript</Option>
            <Option>JSON</Option>
            <Option>XML</Option>
            <Option>ImageUrl</Option>
            <Option>LinkUrl</Option>
            <Option>ImageUrl (small)</Option>
            <Option>ImageUrl (medium)</Option>
            <Option>ImageUrl (large)</Option>
            <Option>iFrame</Option>
            <Option>iFrame Sandboxed</Option>
            <Option>iFrame Sandboxed Strict</Option>
          </Choice>
          <Link name="Child Form" guid="7df2aaad-bfb0-47e2-ac80-8dc61670668b" allowLinking="false" linkedTableDomain="Cinchy Forms" linkedTable="Forms">
            <SearchDisplayColumns>
              <LinkedColumn isPrimary="true">Name</LinkedColumn>
            </SearchDisplayColumns>
          </Link>
          <Link name="Child Form Link Field" guid="6285e8d4-fc70-48ad-8cff-cc22e2eade3f" linkedTableDomain="Cinchy Forms" linkedTable="Form Fields">
            <SearchDisplayColumns>
              <LinkedColumn isPrimary="true">Form Field Key</LinkedColumn>
            </SearchDisplayColumns>
          </Link>
          <Text name="Child Form Parent ID" guid="8581cb60-85aa-4517-a101-d1fb1bec9c52" description="Field to get the results for Child form based on a custom parent ID instead of default Child Form Link Field. It is like a RHS of a SQL where conditions query.&#xD;&#xA;Example: WHERE parentChildIdMatch.childFormLinkId = @parentCinchyIdMatch&#xD;&#xA;Here @parentCinchyIdMatch is Child Form Parent ID&#xD;&#xA;" allowLinking="false" />
          <Text name="Child Form Link ID" guid="c7b883aa-2a97-4d31-a421-66dd7956e9c6" description="It is like the LHS of the where condition to get Child form results, where Child Form Link ID matches with Child Form Parent ID&#xD;&#xA;" allowLinking="false" />
          <Link name="Child Form Fields To Display" guid="40c7fb2e-4a88-4b08-8a8e-89580bdfa9e4" allowMultiple="true" linkedTableDomain="Cinchy Forms" linkedTable="Form Fields">
            <SearchDisplayColumns>
              <LinkedColumn isPrimary="true">Form Field Key</LinkedColumn>
              <LinkedColumn>Name</LinkedColumn>
            </SearchDisplayColumns>
          </Link>
          <Text name="Child Form Filter" guid="e8fbef97-7460-40e2-83ce-2220aa9adb91" />
          <Calculated name="Form Field Key" guid="99b7d17e-6c34-41d9-9dd7-b29767690f63" calculationExpression="[Form Section]  +  ' | ' + [Name]" outputFormat="Text" outputFieldLength="300" />
          <Text name="Dropdown Column Filter" guid="a915b5e3-333d-4893-ae09-c09480addc4f" description="Param always has to be '@cinchyid'" allowLinking="false" maxLength="2000" />
          <Number name="Total Text Area Rows" guid="8600f6e3-6a5b-4463-9395-5795a196937f" allowLinking="false" displayFormat="0,0" />
          <Text name="Number Display Format Override" guid="080669c5-0584-4ea8-a4c7-b42db100111a" description="Example:&#xD;&#xA;If 12345 user wants to see as $123,45.00 then use $0,0.00.&#xD;&#xA;Get different formats from&#xD;&#xA;http://numeraljs.com/" allowLinking="false" />
          <Calculated name="Number Display Format" guid="114d596a-567c-4eeb-8944-7e3e4bb45672" allowLinking="false" calculationExpression="CASE WHEN ISNULL([Number Display Format Override], '') = '' THEN&#xD;&#xA;  [Table Column].[Number Column Display Format]&#xD;&#xA;ELSE &#xD;&#xA;  [Number Display Format Override]&#xD;&#xA;END" outputFormat="Text" outputFieldLength="300" />
          <YesNo name="Force As Optional" guid="b6876e52-5c60-4a11-a053-9446b84e4d5f" description="Used to make mandatory field non-mandatory" allowLinking="false" defaultValue="false" />
          <Calculated name="Validate As Mandatory" guid="041172e2-4fe7-4151-8626-806f76bd4561" description="CASE WHEN [Table Column].[Is System Column] = 1 OR [Force As Optional] = 1 THEN 0 ELSE [Table Column].[Is Mandatory] END" allowLinking="false" calculationExpression="CASE WHEN  [Table Column].[Is System Column]  = 1 OR [Force As Optional] = 1 THEN 0 ELSE [Table Column].[Is Mandatory] END" outputFormat="Yes/No" outputFieldLength="300" />
          <YesNo name="Do Not Wrap" guid="10c6510f-51c5-4c35-acc0-db5681abcfe3" allowLinking="false" defaultValue="false" />
          <Calculated name="Override Mandatory To Non Mandatory" guid="24e5c71f-18f4-4a22-acfa-df1fbd5c5c3e" description="CASE WHEN [Table Column].[Is System Column] = 1 OR [Force As Optional] = 1 THEN 1 ELSE 0 END" allowLinking="false" calculationExpression="CASE WHEN  [Table Column].[Is System Column] =  1 OR [Force As Optional] = 1  THEN 1 ELSE 0 END " outputFormat="Yes/No" outputFieldLength="300" />
          <Text name="Sort Child Form Table" guid="dcc208c5-fb36-44d8-8e51-ecead35cc362" description="Add as a ORDERY BY condition" allowLinking="false" />
          <YesNo name="Flatten Child Form" guid="aab17279-071c-414f-8788-dce5adccebff" allowLinking="false" defaultValue="false" />
        </Columns>
        <UniqueConstraints />
        <Indexes>
          <Index name="Cinchy Default Index">
            <Column>Approval State</Column>
            <Column>Deleted</Column>
          </Index>
        </Indexes>
      </Table>
      <Table name="Form Sections" domain="Cinchy Forms" guid="43bed9aa-2592-4e77-a124-e96d0139ca5d" icon="fa fa-bars" iconColour="#7030A0" publishDataChangeNotifications="false">
        <Columns>
          <Calculated name="Actions" guid="445f90db-8b2a-4df9-8695-7c20cd94148f" allowLinking="false" calculationExpression="/*Form Sections.Action&gt;*/&#xD;&#xA;&#xD;&#xA;CONCAT('&lt;a target=&quot;_parent&quot; href=&quot;../../../../dxdev-mssql-1/Apps/Integrated?appId=2&amp;formId=formsectiondesigner&amp;rowId=',&#xD;&#xA;       [Cinchy ID], '&quot;&gt;Design&lt;/a&gt; | &lt;a target=&quot;_top&quot; href=&quot;../../../../dxdev-mssql-1/Tables/Cinchy Forms/Form Fields?&amp;fil[Form%20Section.Cinchy Id].Op=1&amp;fil[Form%20Section.Cinchy Id].Val=',&#xD;&#xA;       [Cinchy ID], '&quot;&gt;Fields&lt;/a&gt;')  &#xD;&#xA;&#xD;&#xA;/*&lt;Form Sections.Action*/" outputFormat="Text" outputFieldLength="1000" />
          <Link name="Form" guid="1688c8f1-af5a-4416-8183-da237021038b" isMandatory="true" allowLinking="false" linkedTableDomain="Cinchy Forms" linkedTable="Forms">
            <SearchDisplayColumns>
              <LinkedColumn isPrimary="true">Name</LinkedColumn>
            </SearchDisplayColumns>
          </Link>
          <Text name="Name" guid="9711007c-9d30-4038-a6b9-1b52d6b0ed92" isMandatory="true" />
          <Number name="Sequence" guid="24636aec-6a18-4f87-8210-959526a1f575" allowLinking="false" displayFormat="0,0" />
          <Text name="Columns In Row" guid="b97f17fb-3eda-49e2-9ae6-f2af1fb236c5" allowLinking="false" />
          <Calculated name="Form Section Key" guid="126e1bfe-6186-414d-ba62-c07bcb51b76e" calculationExpression="CONCAT([Form],  ' | ', [Sequence], '. ', [Name])" outputFormat="Text" outputFieldLength="300" />
          <YesNo name="Auto-Expand" guid="423fd996-b3c3-412c-b045-abffc4d2a60e" allowLinking="false" defaultValue="false" />
        </Columns>
        <UniqueConstraints />
        <Indexes>
          <Index name="Cinchy Default Index">
            <Column>Approval State</Column>
            <Column>Deleted</Column>
          </Index>
        </Indexes>
      </Table>
      <Table name="Forms" domain="Cinchy Forms" guid="2cb21536-80b5-41c5-aa29-262368bb32f9" icon="fa fa-file-text-o" iconColour="#7030A0" publishDataChangeNotifications="false">
        <Columns>
          <Calculated name="Actions" guid="45235995-2cc8-4d54-88e4-75ba0ae0582f" allowLinking="false" calculationExpression="/*Forms.Action&gt;*/&#xD;&#xA;&#xD;&#xA;CONCAT('&lt;a target=&quot;_parent&quot; href=&quot;../../../../dxdev-mssql-1/Apps/Integrated?appId=2&amp;formId=',&#xD;&#xA;&#x9;       [Form ID], '&amp;rowId=null&quot;&gt;Open&lt;/a&gt; | &lt;a target=&quot;_parent&quot; href=&quot;../../../../dxdev-mssql-1/Apps/Integrated?appId=2&amp;formId=formdesigner&amp;rowId=',&#xD;&#xA;&#x9;       [Cinchy ID], '&quot;&gt;Design&lt;/a&gt; | &lt;a target=&quot;_top&quot; href=&quot;../../../../dxdev-mssql-1/Tables/Cinchy Forms/Form Sections?&amp;fil[Form.Cinchy Id].Op=1&amp;fil[Form.Cinchy Id].Val=',&#xD;&#xA;       [Cinchy Id], '&quot;&gt;Sections&lt;/a&gt;')&#xD;&#xA;&#xD;&#xA;&#xD;&#xA;/*&lt;Forms.Action*/&#xD;&#xA;" outputFormat="Text" outputFieldLength="1000" />
          <Text name="Form ID" guid="2aa5832f-3bbc-40ec-8f42-58c2e83b82ed" isMandatory="true" />
          <Link name="Domain" guid="740315eb-3ca7-45a4-8184-d5a01dd5df3a" isMandatory="true" allowLinking="false" linkedTableDomain="Cinchy" linkedTable="Domains">
            <SearchDisplayColumns>
              <LinkedColumn isPrimary="true">Name</LinkedColumn>
            </SearchDisplayColumns>
          </Link>
          <Link name="Table" guid="40fe8a17-9ef0-4e85-8381-cb4b40daa82c" description="This is the table this form will create/update records in." isMandatory="true" allowLinking="false" linkedTableDomain="Cinchy" linkedTable="Tables">
            <SearchDisplayColumns>
              <LinkedColumn isPrimary="true">Full Name</LinkedColumn>
            </SearchDisplayColumns>
          </Link>
          <Text name="Name" guid="f2495f98-58e6-424c-8728-c1e7fe20a548" description="Name for this form referenced in Form Sections and Form Fields." isMandatory="true" />
          <Text name="Display Name" guid="fbd8848e-da42-4d3e-a4bd-8984ebdd40c7" description="Display Name of the form that appears at the top of the form view. Clicking this in the form will take you to the underlying table." isMandatory="true" allowLinking="false" />
          <Calculated name="Table Url" guid="375c5505-f3e2-41a7-8ad4-70abbc9de125" allowLinking="false" calculationExpression="CASE WHEN ISNULL([Table Url Override], '') = '' THEN&#xD;&#xA; CONCAT('../../cinchy/Tables/', [Table].[Cinchy Id])&#xD;&#xA;ELSE &#xD;&#xA;  [Table Url Override]&#xD;&#xA;END" outputFormat="Text" outputFieldLength="500" />
          <Text name="Table Url Override" guid="781eb252-7d30-4286-b9a6-74f879f89c9c" description="This is the URL clicking Display Name will take you to." allowLinking="false" />
          <Link name="Lookup Label" guid="c6e9749b-1cc9-4493-8f14-a6f963df04c4" description="This is the field that is searchable and displayed as a dropdown at the top of the form." isMandatory="true" allowLinking="false" linkedTableDomain="Cinchy" linkedTable="Table Columns">
            <SearchDisplayColumns>
              <LinkedColumn isPrimary="true">Full Name</LinkedColumn>
            </SearchDisplayColumns>
          </Link>
          <Choice name="Brand" guid="33efca8b-82e3-4b01-abb0-0fe7679bd58a" description="Color options for the form." allowLinking="false">
            <Option>Cinchy</Option>
            <Option>CinchyPink</Option>
            <Option>Green</Option>
            <Option>LightGreen</Option>
          </Choice>
          <Text name="Lookup Filter Condition" guid="b2389a21-ea38-4ba5-90df-0bc69b40a25a" description="Filter condition for the lookup dropdown at the top of the form. This will also affect what next and previous records show up." allowLinking="false" />
          <YesNo name="Is Accordion" guid="5d5a1e9c-e248-4afe-a68f-bda6e78e11ba" description="Turning on Accordion mode will close all other sections when you expand a form section." defaultValue="false" />
          <Link name="Create New Option" guid="71e9f132-e1fa-4d44-8106-d9165d68c99b" description="This is an option to add data in the table which is used as a linked field.&#xD;&#xA;For example: In your main form user have the Employees column which is linked to the Peoples table, so if the user wants to select an employee which is currently not in the Peoples table, then we can select the 'People' form here then the user can go to that form and add the new person which will be available in Employee field list." allowLinking="false" linkedTableDomain="Cinchy Forms" linkedTable="Forms">
            <SearchDisplayColumns>
              <LinkedColumn isPrimary="true">Name</LinkedColumn>
            </SearchDisplayColumns>
          </Link>
        </Columns>
        <UniqueConstraints>
          <UniqueConstraint name="Col2084">
            <Column>Form ID</Column>
          </UniqueConstraint>
          <UniqueConstraint name="Col2086">
            <Column>Name</Column>
          </UniqueConstraint>
        </UniqueConstraints>
        <Indexes>
          <Index name="Cinchy Default Index">
            <Column>Approval State</Column>
            <Column>Deleted</Column>
          </Index>
        </Indexes>
      </Table>
      <Table name="Domains" domain="Cinchy" guid="8ba5efa6-bf70-4eca-8ef2-b2cd2851ebdd" icon="fa fa-bank" iconColour="#00B050" description="System table for maintaining domains" publishDataChangeNotifications="false" isDependency="true">
        <Columns>
          <Text name="Name" guid="ed22eaa7-5906-48cb-bd1f-ff8b8bd663f0" isMandatory="true" maxLength="125" validationExpression="^[A-Za-z0-9][A-Za-z0-9_ '+\-:\(\)\/=@!&amp;%]*$" />
          <Link name="Colour" guid="36e78bd2-4873-4d5e-a2a5-50f37f0305d0" isMandatory="true" linkedTableDomain="Cinchy" linkedTable="System Colours">
            <SearchDisplayColumns>
              <LinkedColumn isPrimary="true">Name</LinkedColumn>
            </SearchDisplayColumns>
          </Link>
          <Calculated name="Guid" guid="96723bfa-1c62-4c7f-8200-3663664188ef" allowLinking="false" calculationExpression="CASE WHEN [Guid] IS NULL THEN NEWID() ELSE [Guid] END" outputFormat="Text" outputFieldLength="100" />
          <Text name="Sync GUID" guid="2b3abe8b-38bd-42fb-93de-b3f494859022" />
        </Columns>
        <UniqueConstraints>
          <UniqueConstraint name="UC_Domains_Name">
            <Column>Name</Column>
          </UniqueConstraint>
          <UniqueConstraint name="UC_Domains_Guid">
            <Column>Guid</Column>
          </UniqueConstraint>
        </UniqueConstraints>
        <Indexes>
          <Index name="Cinchy Default Index">
            <Column>Approval State</Column>
            <Column>Deleted</Column>
          </Index>
        </Indexes>
      </Table>
      <Table name="System Colours" domain="Cinchy" guid="67c7dab0-9a7d-4ec9-88d0-271700c779b4" icon="fa fa-paint-brush" iconColour="#00B050" description="System table for maintaining colours" publishDataChangeNotifications="false" isDependency="true">
        <Columns>
          <Text name="Name" guid="83e1af03-1856-40e7-9a08-cec85eedbe99" isMandatory="true" maxLength="100" />
          <Text name="Hex Value" guid="0c51493a-1236-4f2a-83ac-5457bcc1bfa5" isMandatory="true" maxLength="100" />
          <Choice name="Usage" guid="ba47beee-0d52-4665-8da3-6e3b19ab4182" isMandatory="true" allowMultiple="true">
            <Option>Object</Option>
            <Option>Highlight</Option>
          </Choice>
          <Text name="Sync GUID" guid="609ef690-d5d9-4144-a58b-eb60e3ae9e46" />
          <Calculated name="Guid" guid="092f23e9-fcd6-417d-9077-b8dce89bb9ac" allowLinking="false" calculationExpression="CASE WHEN [Guid] IS NULL THEN NEWID() ELSE [Guid] END" outputFormat="Text" outputFieldLength="100" />
        </Columns>
        <UniqueConstraints>
          <UniqueConstraint name="UC_Name">
            <Column>Name</Column>
          </UniqueConstraint>
        </UniqueConstraints>
        <Indexes>
          <Index name="Cinchy Default Index">
            <Column>Approval State</Column>
            <Column>Deleted</Column>
          </Index>
        </Indexes>
      </Table>
      <Table name="Tables" domain="Cinchy" guid="02e94c03-33e2-45be-bd8f-9792c249eaf0" icon="fa fa-table" iconColour="#00B050" description="System table for maintaining table definitions" publishDataChangeNotifications="false" isDependency="true">
        <Columns>
          <Link name="Domain" guid="b5769e73-f5c0-4c5f-a41b-23e829022442" isMandatory="true" linkedTableDomain="Cinchy" linkedTable="Domains">
            <SearchDisplayColumns>
              <LinkedColumn isPrimary="true">Name</LinkedColumn>
            </SearchDisplayColumns>
          </Link>
          <Text name="Name" guid="1b33d96d-a4ae-414b-9517-6193e5f3ed1e" isMandatory="true" maxLength="125" validationExpression="^[A-Za-z0-9_ '+\-:\(\)\/=@!&amp;%]+$" />
          <Calculated name="Full Name" guid="b7c9bc56-03b1-43bb-ac75-9c4695aca767" calculationExpression="CONCAT([Domain].[Name], '.', [Name])" outputFormat="Text" outputFieldLength="300" />
          <Link name="Icon" guid="cb65d44a-6eb6-4afc-a33a-7f6e6fc17415" isMandatory="true" linkedTableDomain="Cinchy" linkedTable="System Icons">
            <SearchDisplayColumns>
              <LinkedColumn isPrimary="true">CSS Class</LinkedColumn>
            </SearchDisplayColumns>
          </Link>
          <Link name="Icon Colour" guid="e6ec2c2f-9a09-465d-8635-54a202a367bf" isMandatory="true" linkedTableDomain="Cinchy" linkedTable="System Colours">
            <SearchDisplayColumns>
              <LinkedColumn isPrimary="true">Name</LinkedColumn>
            </SearchDisplayColumns>
          </Link>
          <Text name="Description" guid="06d64e6b-3c7d-46f1-9ba4-07b6fe408a59" maxLength="1000" />
          <Text name="Guid" guid="8c7b079d-d637-447c-8aed-e3382b54bfd0" isMandatory="true" maxLength="1000" />
          <Text name="Json" guid="18e3a5d6-a21c-4d05-93cb-ad8ea0be5d03" isMandatory="true" maxLength="1000000" />
          <Number name="Cinchy Schema Version" guid="7da7f5bb-9018-4ea4-8874-c8a039bb9709" allowLinking="false" minValue="1" />
          <Text name="Sync GUID" guid="7e934d34-847c-4db7-85d1-a66f8a6fdc15" />
          <Number name="Min Recycle Bin Retention Days" guid="2949748a-a6ad-42fb-80fc-6c8db658ede7" allowLinking="false" minValue="1" />
          <Number name="Min Version Retention Days" guid="5d08225d-3e24-4852-825a-844c39602c7a" allowLinking="false" minValue="1" />
          <Number name="Min Retention Versions" guid="1826fe6f-65d6-4009-8165-0f8e765ae4d7" allowLinking="false" minValue="1" />
          <YesNo name="Has Erased Records" guid="57243446-4386-4a7d-964e-9261d45a5f23" allowLinking="false" />
          <YesNo name="Publish Data Change Notifications" guid="9dada26f-c16f-4e8b-9f68-eee9d555755c" allowLinking="false" defaultValue="false" />
          <Choice name="Type" guid="9398c1ea-0c38-4094-8bda-0539fad70811" allowLinking="false">
            <Option>Standard</Option>
            <Option>Spatial</Option>
            <Option>Unversioned</Option>
          </Choice>
        </Columns>
        <UniqueConstraints>
          <UniqueConstraint name="UC_Tables_Full Name">
            <Column>Full Name</Column>
          </UniqueConstraint>
          <UniqueConstraint name="UC_Tables_Guid">
            <Column>Guid</Column>
          </UniqueConstraint>
        </UniqueConstraints>
        <Indexes>
          <Index name="Cinchy Default Index">
            <Column>Approval State</Column>
            <Column>Deleted</Column>
          </Index>
        </Indexes>
      </Table>
      <Table name="System Icons" domain="Cinchy" guid="47d9840d-0e09-4693-ae52-c726c5927a3a" icon="fa fa-picture-o" iconColour="#00B050" description="System table for maintaining colours" publishDataChangeNotifications="false" isDependency="true">
        <Columns>
          <Text name="CSS Class" guid="f79cbbaa-aaa0-4daf-b25d-da10d07dde16" isMandatory="true" maxLength="100" />
          <Text name="Sync GUID" guid="4978d6a6-4111-43fb-b847-6852a98f4593" />
          <Calculated name="Guid" guid="9db13990-854b-4b34-8843-34484a0e1bc9" allowLinking="false" calculationExpression="CASE WHEN [Guid] IS NULL THEN NEWID() ELSE [Guid] END" outputFormat="Text" outputFieldLength="100" />
        </Columns>
        <UniqueConstraints>
          <UniqueConstraint name="UC_CSS Class">
            <Column>CSS Class</Column>
          </UniqueConstraint>
        </UniqueConstraints>
        <Indexes>
          <Index name="Cinchy Default Index">
            <Column>Approval State</Column>
            <Column>Deleted</Column>
          </Index>
        </Indexes>
      </Table>
      <Table name="Table Columns" domain="Cinchy" guid="534c61d2-416f-406c-9f17-a4b872b0f3f4" icon="fa fa-columns" iconColour="#00B050" description="System table for maintaining column definitions" publishDataChangeNotifications="false" isDependency="true">
        <Columns>
          <Link name="Table" guid="7141eab3-55d6-425c-9f84-c835a3b6bd14" isMandatory="true" allowLinking="false" linkedTableDomain="Cinchy" linkedTable="Tables">
            <SearchDisplayColumns>
              <LinkedColumn isPrimary="true">Full Name</LinkedColumn>
              <LinkedColumn>Cinchy Id</LinkedColumn>
            </SearchDisplayColumns>
          </Link>
          <Text name="Name" guid="b1c541dc-16b6-42a5-946d-429453431de8" isMandatory="true" maxLength="125" validationExpression="^[A-Za-z0-9_'+\-:\(\)\/=@!&amp;%\$][A-Za-z0-9_ '+\-:\(\)\/=@!&amp;%\$]*$" />
          <Calculated name="Full Name" guid="7e998f35-9934-4fcb-b58e-bb66f53a5f12" calculationExpression="CONCAT([Table].[Full Name], '.', [Name])" outputFormat="Text" outputFieldLength="500" />
          <Choice name="Type" guid="ab2edbc5-431c-4558-ae3d-d013b05d8287" isMandatory="true" allowLinking="false">
            <Option>Approval</Option>
            <Option>Binary</Option>
            <Option>Calculated</Option>
            <Option>Choice</Option>
            <Option>Date and Time</Option>
            <Option>Text</Option>
            <Option>Yes/No</Option>
            <Option>Link</Option>
            <Option>Number</Option>
            <Option>Geometry</Option>
            <Option>Geography</Option>
          </Choice>
          <Number name="Ordinal" guid="eecfe198-310d-4735-9504-7dc9967315b5" isMandatory="true" allowLinking="false" minValue="1" />
          <Text name="Description" guid="8e85123a-d740-4731-9c5b-ecd7d8d015ea" allowLinking="false" maxLength="1000" />
          <Text name="Guid" guid="1c9676d1-1bac-4943-ba06-f9a17196c40e" isMandatory="true" maxLength="1000" />
          <YesNo name="Is System Column" guid="285b3c2a-a2cb-407d-8cea-427a787b04a7" isMandatory="true" allowLinking="false" defaultValue="false" />
          <YesNo name="Is Mandatory" guid="5490d253-20e6-417e-92fb-66490d5f8636" isMandatory="true" allowLinking="false" defaultValue="false" />
          <YesNo name="Allow Linking" guid="37303072-fb7b-4a52-b322-31facc9d4cf5" isMandatory="true" allowLinking="false" defaultValue="false" />
          <YesNo name="Allow Display In Linked Views" guid="91ed3ca4-cbb2-4588-b413-dec4612da456" isMandatory="true" allowLinking="false" defaultValue="false" />
          <Text name="Calculated Column Expression" guid="ced227d8-b031-46b0-abfd-f969528b8d1c" description="Calculation expression for calculated column" allowLinking="false" maxLength="10000" />
          <Choice name="Calculated Column Output Format" guid="9f16bbd3-05a8-44b9-bd91-bcf981657b1a" description="Calculation expression output format for calculated column" allowLinking="false">
            <Option>Date and Time</Option>
            <Option>Number</Option>
            <Option>Text</Option>
            <Option>Yes/No</Option>
          </Choice>
          <Number name="Calculated Column Field Length" guid="eff3d704-e835-4b55-8f30-4ba76f43e65b" description="Calculation expression max output length for calculated column" allowLinking="false" minValue="1" />
          <Link name="Calculated Column Dependencies" guid="dfd9ba94-7ee5-4c1e-989a-7ce0f5be75a8" description="Calculation expression column dependencies for calculated column" allowLinking="false" allowMultiple="true" linkedTableDomain="Cinchy" linkedTable="Table Columns">
            <SearchDisplayColumns>
              <LinkedColumn isPrimary="true">Full Name</LinkedColumn>
              <LinkedColumn>Cinchy Id</LinkedColumn>
            </SearchDisplayColumns>
          </Link>
          <YesNo name="Choice Column Manual Sort Flag" guid="d4d054b7-6c52-4f2d-9967-03a6b2bc0e29" description="Flag indicating the sort order of choice column options in the dropdown view (true = user defined, false = alphabetical)" allowLinking="false" defaultValue="false" />
          <Text name="Choice Column Options CSV" guid="cbbffc74-a89e-4971-a008-073bf4d5d308" description="Comma separated list of allowed options for choice column" allowLinking="false" maxLength="100000" />
          <Date name="Date Column Default" guid="65f8b056-dc5f-40d2-a668-e1b475e898ad" description="Default value for date column" allowLinking="false" />
          <Date name="Date Column Min" guid="3ade56af-7858-4e0b-aa76-c95cdfbecbc0" description="Min value for date column" allowLinking="false" />
          <Date name="Date Column Max" guid="1658d6ca-75a4-41e8-bae9-01d2897d6456" description="Max value for date column" allowLinking="false" />
          <Text name="Date Column Display Format" guid="d4eb2c8e-03b3-4dba-85cb-0bd4e341d6c6" description="Format for date column" allowLinking="false" maxLength="100" />
          <Number name="Number Column Default" guid="77d23c81-9d53-451b-96f1-294a14e9b724" description="Default value for number column" allowLinking="false" />
          <Number name="Number Column Min" guid="23e2f9a0-0188-4b86-ae21-b6c693cc3ac1" description="Min value for number column" allowLinking="false" />
          <Number name="Number Column Max" guid="5db0e49d-6646-4a85-a14e-f35a48aea26d" description="Max value for number column" allowLinking="false" />
          <Text name="Number Column Display Format" guid="83ab4920-c6c2-49ca-ad26-6360928b217d" description="Format for number column" allowLinking="false" maxLength="100" />
          <Text name="Text Column Default" guid="c26f043c-2d16-4207-8659-1ad61eb2daaa" description="Default value for text column" allowLinking="false" maxLength="10000" />
          <Number name="Text Column Max Length" guid="b56d7761-505e-479b-a4f1-ebdf23e87c43" description="Max length for text column" allowLinking="false" />
          <Text name="Text Column Validation Expression" guid="bd910ea8-a0f3-4e09-9cf6-22530cd38ff5" description="Validation expression for text column" allowLinking="false" maxLength="1000" />
          <Choice name="Text Column Format" guid="c31634b6-6da3-4796-8e52-3a544f5005b7" description="Used to enable different text editing experiences. The format option is used to determine which format the text editor should use to save the data (text) back into Cinchy. The default format option is JSON that conforms to a schema used by text editor UIs." allowLinking="false">
            <Option>Default</Option>
            <Option>HTML</Option>
          </Choice>
          <YesNo name="YesNo Column Default" guid="f83192db-0a78-43c4-9465-5851f1133c0a" description="Default value for yes/no column" allowLinking="false" defaultValue="false" />
          <Link name="Link Column Target" guid="0f174be8-d7cf-44ae-9172-2ba181f8021e" description="Link target for link column (i.e. linked column)" allowLinking="false" linkedTableDomain="Cinchy" linkedTable="Table Columns">
            <SearchDisplayColumns>
              <LinkedColumn isPrimary="true">Full Name</LinkedColumn>
              <LinkedColumn>Cinchy Id</LinkedColumn>
            </SearchDisplayColumns>
          </Link>
          <Link name="Link Column Search Display Columns" guid="ffa442fe-8836-47a5-9b16-110a56770780" description="Search display columns for link column" allowLinking="false" allowMultiple="true" linkedTableDomain="Cinchy" linkedTable="Table Columns">
            <SearchDisplayColumns>
              <LinkedColumn isPrimary="true">Full Name</LinkedColumn>
              <LinkedColumn>Cinchy Id</LinkedColumn>
            </SearchDisplayColumns>
          </Link>
          <Text name="Data Security Classification" guid="01c4adbc-4539-4b22-b5b9-51fa66e0e88a" description="Data Security Classification" allowLinking="false" maxLength="100" />
          <YesNo name="Cache" guid="d290af23-7136-4eff-bc5b-827b0ed026ec" description="Cache calculated column" allowLinking="false" defaultValue="true" />
        </Columns>
        <UniqueConstraints>
          <UniqueConstraint name="UC_Table Columns_Name Per Table">
            <Column>Table</Column>
            <Column>Name</Column>
          </UniqueConstraint>
        </UniqueConstraints>
        <Indexes>
          <Index name="Cinchy Default Index">
            <Column>Approval State</Column>
            <Column>Deleted</Column>
          </Index>
        </Indexes>
      </Table>
    </Tables>
  </Schema>
</Model>