Add Rows,Approvable Columns,Approve Changes,Delete Rows,Design Table,Direct Query,Edit All Columns,Editable Columns,Editable Row Filter,Export Data,Groups,Install Table,Manage Controls,Table,Users,View All Columns,Viewable Columns,Viewable Row Filter,Sync GUID
"True","","False","True","False","True","True","","","True","Form Builders","True","False","2cb21536-80b5-41c5-aa29-262368bb32f9","","True","","","935D22E4-09F2-4F0C-B949-59E7FB232496_C5071D00-40CF-43D1-88E1-4397BFC141B2"
"True","","False","True","False","True","True","","","True","Form Builders","True","False","43bed9aa-2592-4e77-a124-e96d0139ca5d","","True","","","935D22E4-09F2-4F0C-B949-59E7FB232496_F00EFB64-8532-4A59-9CAD-DC722F74642F"
"True","","False","True","False","True","True","","","True","Form Builders","True","False","59596dda-1e38-4ff9-83c7-1bc409ff464f","","True","","","935D22E4-09F2-4F0C-B949-59E7FB232496_39EDED1F-462D-4F10-B504-3A3C96FC0D61"


