Changed Records,Dropped Records,Expiration Timestamp Field,Filter,Target Filter,Name,New Records,Ordinal,Sync Key,Table,Sync GUID
"UPDATE","IGNORE","","[Form ID] in ('formfielddesigner','childformdesigner','formsectiondesigner','formdesigner')","[Form ID] in ('formfielddesigner','childformdesigner','formsectiondesigner','formdesigner')","Meta Form","INSERT",1,"Cinchy Forms.Forms.Form ID","2cb21536-80b5-41c5-aa29-262368bb32f9","935D22E4-09F2-4F0C-B949-59E7FB232496_4"
"UPDATE","IGNORE","","[Form].[Form ID] in ('formfielddesigner','childformdesigner','formsectiondesigner','formdesigner')","[Form].[Form ID] in ('formfielddesigner','childformdesigner','formsectiondesigner','formdesigner')","Meta Form Sections","INSERT",2,"Cinchy Forms.Form Sections.Form,Cinchy Forms.Form Sections.Name,Cinchy Forms.Form Sections.Sequence","43bed9aa-2592-4e77-a124-e96d0139ca5d","935D22E4-09F2-4F0C-B949-59E7FB232496_1"
"UPDATE","IGNORE","","[Child Form] IS NULL AND [Form Section].[Form].[Form ID] in ('formfielddesigner','childformdesigner','formsectiondesigner','formdesigner')","[Child Form] IS NULL AND [Form Section].[Form].[Form ID] in ('formfielddesigner','childformdesigner','formsectiondesigner','formdesigner')","Meta Form Fields","INSERT",3,"Cinchy Forms.Form Fields.Form Section,Cinchy Forms.Form Fields.Name Override,Cinchy Forms.Form Fields.Table Column","59596dda-1e38-4ff9-83c7-1bc409ff464f","935D22E4-09F2-4F0C-B949-59E7FB232496_2"
"UPDATE","IGNORE","","[Child Form] IS NOT NULL AND [Form Section].[Form].[Form ID] in ('formfielddesigner','childformdesigner','formsectiondesigner','formdesigner')","[Child Form] IS NOT NULL AND [Form Section].[Form].[Form ID] in ('formfielddesigner','childformdesigner','formsectiondesigner','formdesigner')","Meta Form Child Fields","INSERT",4,"Cinchy Forms.Form Fields.Form Section,Cinchy Forms.Form Fields.Name Override,Cinchy Forms.Form Fields.Table Column","59596dda-1e38-4ff9-83c7-1bc409ff464f","935D22E4-09F2-4F0C-B949-59E7FB232496_3"


