Filter Criteria,Groups With View Access,Is Default,Json,Name,Table,Users With View Access,Sync GUID
"","All Users","True","","Default","2cb21536-80b5-41c5-aa29-262368bb32f9","","935D22E4-09F2-4F0C-B949-59E7FB232496_0777667C-1CAC-4AC5-B354-67DDA7AD22B4"
"","All Users","True","","Default","43bed9aa-2592-4e77-a124-e96d0139ca5d","","935D22E4-09F2-4F0C-B949-59E7FB232496_656893E7-7520-4673-84A6-17FF6DF83639"
"","All Users","True","","Default","59596dda-1e38-4ff9-83c7-1bc409ff464f","","935D22E4-09F2-4F0C-B949-59E7FB232496_A7D8F39C-09FD-45F5-97C3-03DC52D7AD7F"
"[Table Column].[Deleted] IS NOT NULL OR [Table Column].[Table].[Deleted] IS NOT NULL","All Users","False","","Deleted Columns","59596dda-1e38-4ff9-83c7-1bc409ff464f","","935D22E4-09F2-4F0C-B949-59E7FB232496_D9DB49A6-2059-4A16-AF67-BF8AEE1E0DD9"


