Aggregate Operation,Column,Group By Ordinal,Ordinal,Sort Ascending,Sort Ordinal,View,Sync GUID
"","Cinchy Forms.Form Sections.Form","",2,"True",1,"935D22E4-09F2-4F0C-B949-59E7FB232496_656893E7-7520-4673-84A6-17FF6DF83639","935D22E4-09F2-4F0C-B949-59E7FB232496_3034EE83-8574-49DF-A612-B66A49C40755"
"","Cinchy Forms.Form Sections.Name","",4,"False","","935D22E4-09F2-4F0C-B949-59E7FB232496_656893E7-7520-4673-84A6-17FF6DF83639","935D22E4-09F2-4F0C-B949-59E7FB232496_214C8D09-AFBC-4C6F-9719-5810C54FAFD8"
"","Cinchy Forms.Form Sections.Actions","",1,"False","","935D22E4-09F2-4F0C-B949-59E7FB232496_656893E7-7520-4673-84A6-17FF6DF83639","935D22E4-09F2-4F0C-B949-59E7FB232496_B1041ECB-5CEC-4D73-B15B-C5B6F9E9F7D8"
"","Cinchy Forms.Form Sections.Columns In Row","",5,"False","","935D22E4-09F2-4F0C-B949-59E7FB232496_656893E7-7520-4673-84A6-17FF6DF83639","935D22E4-09F2-4F0C-B949-59E7FB232496_4EE5140F-083C-4DE5-B6DD-1544DCF0E926"
"","Cinchy Forms.Form Sections.Auto-Expand","",6,"False","","935D22E4-09F2-4F0C-B949-59E7FB232496_656893E7-7520-4673-84A6-17FF6DF83639","935D22E4-09F2-4F0C-B949-59E7FB232496_29604BB4-F9AB-4E6A-9D08-6F1984D1B26B"
"","Cinchy Forms.Form Sections.Sequence","",3,"True",2,"935D22E4-09F2-4F0C-B949-59E7FB232496_656893E7-7520-4673-84A6-17FF6DF83639","935D22E4-09F2-4F0C-B949-59E7FB232496_04B63CDE-499B-4AF6-B8BC-CD96DE74C499"
"","Cinchy Forms.Form Fields.Actions","",1,"False","","935D22E4-09F2-4F0C-B949-59E7FB232496_D9DB49A6-2059-4A16-AF67-BF8AEE1E0DD9","935D22E4-09F2-4F0C-B949-59E7FB232496_358AAD3D-2278-4DA3-9BE9-B5E8BB526169"
"","Cinchy Forms.Form Fields.Form Section","",2,"True",1,"935D22E4-09F2-4F0C-B949-59E7FB232496_D9DB49A6-2059-4A16-AF67-BF8AEE1E0DD9","935D22E4-09F2-4F0C-B949-59E7FB232496_3DDFB294-1D4E-4E30-A3CC-F57F01384481"
"","Cinchy Forms.Form Fields.Sequence","",3,"True",2,"935D22E4-09F2-4F0C-B949-59E7FB232496_D9DB49A6-2059-4A16-AF67-BF8AEE1E0DD9","935D22E4-09F2-4F0C-B949-59E7FB232496_A3515A38-852D-41F9-B4AC-80FF3B087FFC"
"","Cinchy Forms.Form Fields.Sequence Override","",4,"False","","935D22E4-09F2-4F0C-B949-59E7FB232496_D9DB49A6-2059-4A16-AF67-BF8AEE1E0DD9","935D22E4-09F2-4F0C-B949-59E7FB232496_F754E06B-3C6E-4E2C-B5C9-ADD3E7D75577"
"","Cinchy Forms.Form Fields.Table Column","",5,"False","","935D22E4-09F2-4F0C-B949-59E7FB232496_D9DB49A6-2059-4A16-AF67-BF8AEE1E0DD9","935D22E4-09F2-4F0C-B949-59E7FB232496_D05BDE4F-4B59-443C-A671-334AB1E25E40"
"","Cinchy Forms.Form Fields.Name","",6,"False","","935D22E4-09F2-4F0C-B949-59E7FB232496_D9DB49A6-2059-4A16-AF67-BF8AEE1E0DD9","935D22E4-09F2-4F0C-B949-59E7FB232496_E1DB084D-51B9-4A25-8B63-C8EA35D7A8AA"
"","Cinchy Forms.Form Fields.Name Override","",7,"False","","935D22E4-09F2-4F0C-B949-59E7FB232496_D9DB49A6-2059-4A16-AF67-BF8AEE1E0DD9","935D22E4-09F2-4F0C-B949-59E7FB232496_6236718C-7ECD-48CC-83F3-603A62CB9444"
"","Cinchy Forms.Form Fields.Caption","",8,"False","","935D22E4-09F2-4F0C-B949-59E7FB232496_D9DB49A6-2059-4A16-AF67-BF8AEE1E0DD9","935D22E4-09F2-4F0C-B949-59E7FB232496_3B7F2F67-B802-497A-AADA-2767D7BCDC82"
"","Cinchy Forms.Form Fields.Caption Override","",9,"False","","935D22E4-09F2-4F0C-B949-59E7FB232496_D9DB49A6-2059-4A16-AF67-BF8AEE1E0DD9","935D22E4-09F2-4F0C-B949-59E7FB232496_4B278F3C-A339-4251-A661-A487711B2861"
"","Cinchy Forms.Form Fields.View Only","",10,"False","","935D22E4-09F2-4F0C-B949-59E7FB232496_D9DB49A6-2059-4A16-AF67-BF8AEE1E0DD9","935D22E4-09F2-4F0C-B949-59E7FB232496_F0664445-0E48-4465-BDBF-E778389EC6A1"
"","Cinchy Forms.Form Fields.Display Column","",11,"False","","935D22E4-09F2-4F0C-B949-59E7FB232496_D9DB49A6-2059-4A16-AF67-BF8AEE1E0DD9","935D22E4-09F2-4F0C-B949-59E7FB232496_F263314E-3103-46D7-B199-1BF72048DCB3"
"","Cinchy Forms.Form Fields.Data Format Type","",12,"False","","935D22E4-09F2-4F0C-B949-59E7FB232496_D9DB49A6-2059-4A16-AF67-BF8AEE1E0DD9","935D22E4-09F2-4F0C-B949-59E7FB232496_5A956EB9-1786-40AB-B84B-CABF0251769A"
"","Cinchy Forms.Form Fields.File Name Column","",13,"False","","935D22E4-09F2-4F0C-B949-59E7FB232496_D9DB49A6-2059-4A16-AF67-BF8AEE1E0DD9","935D22E4-09F2-4F0C-B949-59E7FB232496_6602BD4D-20BF-437F-96F2-0DA63A4C35E6"
"","Cinchy Forms.Form Fields.Child Form","",14,"False","","935D22E4-09F2-4F0C-B949-59E7FB232496_D9DB49A6-2059-4A16-AF67-BF8AEE1E0DD9","935D22E4-09F2-4F0C-B949-59E7FB232496_F3891250-5455-4B5D-B10E-0CC1046FD562"
"","Cinchy Forms.Form Fields.Child Form Link Field","",15,"False","","935D22E4-09F2-4F0C-B949-59E7FB232496_D9DB49A6-2059-4A16-AF67-BF8AEE1E0DD9","935D22E4-09F2-4F0C-B949-59E7FB232496_B1C4E2AB-552B-4D56-A7D8-A6858B36C179"
"","Cinchy Forms.Form Fields.Child Form Parent ID","",16,"False","","935D22E4-09F2-4F0C-B949-59E7FB232496_D9DB49A6-2059-4A16-AF67-BF8AEE1E0DD9","935D22E4-09F2-4F0C-B949-59E7FB232496_C43A51A2-C60A-4C26-9752-0D29C91B612F"
"","Cinchy Forms.Form Fields.Child Form Link ID","",17,"False","","935D22E4-09F2-4F0C-B949-59E7FB232496_D9DB49A6-2059-4A16-AF67-BF8AEE1E0DD9","935D22E4-09F2-4F0C-B949-59E7FB232496_7F54952D-5F0D-48CB-AA0B-3E1AA3D0734F"
"","Cinchy Forms.Form Fields.Child Form Fields To Display","",18,"False","","935D22E4-09F2-4F0C-B949-59E7FB232496_D9DB49A6-2059-4A16-AF67-BF8AEE1E0DD9","935D22E4-09F2-4F0C-B949-59E7FB232496_95B1A7AC-0551-4E38-AE2D-01A6F4199632"
"","Cinchy Forms.Form Fields.Child Form Filter","",19,"False","","935D22E4-09F2-4F0C-B949-59E7FB232496_D9DB49A6-2059-4A16-AF67-BF8AEE1E0DD9","935D22E4-09F2-4F0C-B949-59E7FB232496_70BBB359-B234-400D-BC4F-EF54186C0BAF"
"","Cinchy Forms.Form Fields.Dropdown Column Filter","",20,"False","","935D22E4-09F2-4F0C-B949-59E7FB232496_D9DB49A6-2059-4A16-AF67-BF8AEE1E0DD9","935D22E4-09F2-4F0C-B949-59E7FB232496_EED22BE9-D15F-4F3D-AB13-577A8EEBEBA5"
"","Cinchy Forms.Form Fields.Total Text Area Rows","",21,"False","","935D22E4-09F2-4F0C-B949-59E7FB232496_D9DB49A6-2059-4A16-AF67-BF8AEE1E0DD9","935D22E4-09F2-4F0C-B949-59E7FB232496_7B387914-5846-40BA-8B81-1D95590A8E0E"
"","Cinchy Forms.Form Fields.Number Display Format Override","",22,"False","","935D22E4-09F2-4F0C-B949-59E7FB232496_D9DB49A6-2059-4A16-AF67-BF8AEE1E0DD9","935D22E4-09F2-4F0C-B949-59E7FB232496_02FAB4E3-D910-4E4E-8009-1C0361667B8D"
"","Cinchy Forms.Form Fields.Number Display Format","",23,"False","","935D22E4-09F2-4F0C-B949-59E7FB232496_D9DB49A6-2059-4A16-AF67-BF8AEE1E0DD9","935D22E4-09F2-4F0C-B949-59E7FB232496_D509B0FB-8639-454F-9A44-728FE9B52CDD"
"","Cinchy Forms.Forms.Actions","",1,"False","","935D22E4-09F2-4F0C-B949-59E7FB232496_0777667C-1CAC-4AC5-B354-67DDA7AD22B4","935D22E4-09F2-4F0C-B949-59E7FB232496_F21B966E-D7E0-4E8C-9659-F78FFE535181"
"","Cinchy Forms.Forms.Form ID","",2,"False","","935D22E4-09F2-4F0C-B949-59E7FB232496_0777667C-1CAC-4AC5-B354-67DDA7AD22B4","935D22E4-09F2-4F0C-B949-59E7FB232496_EFFDF6CC-5E9C-44D0-A677-C7508E347AEE"
"","Cinchy Forms.Forms.Table","",3,"False","","935D22E4-09F2-4F0C-B949-59E7FB232496_0777667C-1CAC-4AC5-B354-67DDA7AD22B4","935D22E4-09F2-4F0C-B949-59E7FB232496_EE540785-35AB-4463-A30D-2080CCB1D9D4"
"","Cinchy Forms.Forms.Name","",4,"True",2,"935D22E4-09F2-4F0C-B949-59E7FB232496_0777667C-1CAC-4AC5-B354-67DDA7AD22B4","935D22E4-09F2-4F0C-B949-59E7FB232496_8BE803D7-EDB3-4B71-897A-529903311B60"
"","Cinchy Forms.Forms.Display Name","",5,"False","","935D22E4-09F2-4F0C-B949-59E7FB232496_0777667C-1CAC-4AC5-B354-67DDA7AD22B4","935D22E4-09F2-4F0C-B949-59E7FB232496_9756B2D7-68BB-4AB6-835A-B134C7508E6F"
"","Cinchy Forms.Forms.Lookup Label","",6,"False","","935D22E4-09F2-4F0C-B949-59E7FB232496_0777667C-1CAC-4AC5-B354-67DDA7AD22B4","935D22E4-09F2-4F0C-B949-59E7FB232496_BE70219C-2AFC-45E7-B963-EA0C2CEE1D4D"
"","Cinchy Forms.Forms.Lookup Filter Condition","",7,"False","","935D22E4-09F2-4F0C-B949-59E7FB232496_0777667C-1CAC-4AC5-B354-67DDA7AD22B4","935D22E4-09F2-4F0C-B949-59E7FB232496_B2684291-16F4-4D09-8E64-8230B8188124"
"","Cinchy Forms.Forms.Is Accordion","",8,"False","","935D22E4-09F2-4F0C-B949-59E7FB232496_0777667C-1CAC-4AC5-B354-67DDA7AD22B4","935D22E4-09F2-4F0C-B949-59E7FB232496_F860EBB2-E473-4B43-8767-E09C2BAF74C6"
"","Cinchy Forms.Forms.Table Url Override","",9,"False","","935D22E4-09F2-4F0C-B949-59E7FB232496_0777667C-1CAC-4AC5-B354-67DDA7AD22B4","935D22E4-09F2-4F0C-B949-59E7FB232496_97E9B431-219E-4B9F-BAA5-0E1611A8B3B9"
"","Cinchy Forms.Forms.Table Url","",10,"False","","935D22E4-09F2-4F0C-B949-59E7FB232496_0777667C-1CAC-4AC5-B354-67DDA7AD22B4","935D22E4-09F2-4F0C-B949-59E7FB232496_39A1DF0E-9819-42B4-A711-03B22B91D19B"
"","Cinchy Forms.Forms.Brand","",11,"False","","935D22E4-09F2-4F0C-B949-59E7FB232496_0777667C-1CAC-4AC5-B354-67DDA7AD22B4","935D22E4-09F2-4F0C-B949-59E7FB232496_82B85ABA-4B80-4E5A-B133-C4AE986DA5B6"
"","Cinchy Forms.Forms.Create New Option","",12,"False","","935D22E4-09F2-4F0C-B949-59E7FB232496_0777667C-1CAC-4AC5-B354-67DDA7AD22B4","935D22E4-09F2-4F0C-B949-59E7FB232496_C340B89B-3E04-4717-98C7-6536C788BA23"
"","Cinchy Forms.Forms.Domain","",13,"True",1,"935D22E4-09F2-4F0C-B949-59E7FB232496_0777667C-1CAC-4AC5-B354-67DDA7AD22B4","935D22E4-09F2-4F0C-B949-59E7FB232496_E151232A-F59C-4B98-A21A-28075E9F83FB"
"","Cinchy Forms.Form Fields.Actions","",1,"False","","935D22E4-09F2-4F0C-B949-59E7FB232496_A7D8F39C-09FD-45F5-97C3-03DC52D7AD7F","935D22E4-09F2-4F0C-B949-59E7FB232496_068A3CC1-2620-4F11-956E-0B66CEB65730"
"","Cinchy Forms.Form Fields.Form Section","",2,"True",1,"935D22E4-09F2-4F0C-B949-59E7FB232496_A7D8F39C-09FD-45F5-97C3-03DC52D7AD7F","935D22E4-09F2-4F0C-B949-59E7FB232496_7F5EF944-F4C1-464F-8AE5-1FACB9361229"
"","Cinchy Forms.Form Fields.Sequence","",3,"True",2,"935D22E4-09F2-4F0C-B949-59E7FB232496_A7D8F39C-09FD-45F5-97C3-03DC52D7AD7F","935D22E4-09F2-4F0C-B949-59E7FB232496_8DC47706-91E3-4C30-A536-310B622A8C0A"
"","Cinchy Forms.Form Fields.Sequence Override","",4,"False","","935D22E4-09F2-4F0C-B949-59E7FB232496_A7D8F39C-09FD-45F5-97C3-03DC52D7AD7F","935D22E4-09F2-4F0C-B949-59E7FB232496_B941803D-8062-4444-919D-DF327746B951"
"","Cinchy Forms.Form Fields.Table Column","",5,"False","","935D22E4-09F2-4F0C-B949-59E7FB232496_A7D8F39C-09FD-45F5-97C3-03DC52D7AD7F","935D22E4-09F2-4F0C-B949-59E7FB232496_27B0CD6F-CE41-4195-946B-9236933D93C1"
"","Cinchy Forms.Form Fields.Name","",6,"False","","935D22E4-09F2-4F0C-B949-59E7FB232496_A7D8F39C-09FD-45F5-97C3-03DC52D7AD7F","935D22E4-09F2-4F0C-B949-59E7FB232496_38440FEB-324E-4790-BAB0-E99ECAD4E305"
"","Cinchy Forms.Form Fields.Name Override","",7,"False","","935D22E4-09F2-4F0C-B949-59E7FB232496_A7D8F39C-09FD-45F5-97C3-03DC52D7AD7F","935D22E4-09F2-4F0C-B949-59E7FB232496_46794166-5380-42B3-80D9-7440083825F2"
"","Cinchy Forms.Form Fields.Caption","",8,"False","","935D22E4-09F2-4F0C-B949-59E7FB232496_A7D8F39C-09FD-45F5-97C3-03DC52D7AD7F","935D22E4-09F2-4F0C-B949-59E7FB232496_4FBB4E6F-891A-4B8D-9857-CA594F6F1A59"
"","Cinchy Forms.Form Fields.Caption Override","",9,"False","","935D22E4-09F2-4F0C-B949-59E7FB232496_A7D8F39C-09FD-45F5-97C3-03DC52D7AD7F","935D22E4-09F2-4F0C-B949-59E7FB232496_18256073-CD30-440B-B2BA-0426E0A9A97F"
"","Cinchy Forms.Form Fields.View Only","",10,"False","","935D22E4-09F2-4F0C-B949-59E7FB232496_A7D8F39C-09FD-45F5-97C3-03DC52D7AD7F","935D22E4-09F2-4F0C-B949-59E7FB232496_81425428-0438-4DDF-B64E-4A201CB671BD"
"","Cinchy Forms.Form Fields.Display Column","",11,"False","","935D22E4-09F2-4F0C-B949-59E7FB232496_A7D8F39C-09FD-45F5-97C3-03DC52D7AD7F","935D22E4-09F2-4F0C-B949-59E7FB232496_B5E9F7B7-7906-46EA-8393-97FBADE5D95C"
"","Cinchy Forms.Form Fields.Data Format Type","",12,"False","","935D22E4-09F2-4F0C-B949-59E7FB232496_A7D8F39C-09FD-45F5-97C3-03DC52D7AD7F","935D22E4-09F2-4F0C-B949-59E7FB232496_08538F2E-EDAF-413F-B8E7-F6C3FDEA1800"
"","Cinchy Forms.Form Fields.File Name Column","",13,"False","","935D22E4-09F2-4F0C-B949-59E7FB232496_A7D8F39C-09FD-45F5-97C3-03DC52D7AD7F","935D22E4-09F2-4F0C-B949-59E7FB232496_097C6F0E-C5A6-4113-92B5-5CBF2E5200C3"
"","Cinchy Forms.Form Fields.Child Form Link Field","",14,"False","","935D22E4-09F2-4F0C-B949-59E7FB232496_A7D8F39C-09FD-45F5-97C3-03DC52D7AD7F","935D22E4-09F2-4F0C-B949-59E7FB232496_AC5D7392-F8A9-4B48-A467-F4C6060D3C48"
"","Cinchy Forms.Form Fields.Child Form","",15,"False","","935D22E4-09F2-4F0C-B949-59E7FB232496_A7D8F39C-09FD-45F5-97C3-03DC52D7AD7F","935D22E4-09F2-4F0C-B949-59E7FB232496_F7D7C11C-4FE3-4526-9C69-8FF36707CA9E"
"","Cinchy Forms.Form Fields.Child Form Parent ID","",16,"False","","935D22E4-09F2-4F0C-B949-59E7FB232496_A7D8F39C-09FD-45F5-97C3-03DC52D7AD7F","935D22E4-09F2-4F0C-B949-59E7FB232496_E6F36EC1-458B-44E7-A11C-9C20D15D6525"
"","Cinchy Forms.Form Fields.Child Form Link ID","",17,"False","","935D22E4-09F2-4F0C-B949-59E7FB232496_A7D8F39C-09FD-45F5-97C3-03DC52D7AD7F","935D22E4-09F2-4F0C-B949-59E7FB232496_B3A835F8-C40B-4ABA-8C5F-170B5D4874EF"
"","Cinchy Forms.Form Fields.Child Form Fields To Display","",18,"False","","935D22E4-09F2-4F0C-B949-59E7FB232496_A7D8F39C-09FD-45F5-97C3-03DC52D7AD7F","935D22E4-09F2-4F0C-B949-59E7FB232496_E72CBE02-8C17-49F9-9E23-8F495A24A08A"
"","Cinchy Forms.Form Fields.Child Form Filter","",19,"False","","935D22E4-09F2-4F0C-B949-59E7FB232496_A7D8F39C-09FD-45F5-97C3-03DC52D7AD7F","935D22E4-09F2-4F0C-B949-59E7FB232496_7D853E73-B0D6-4E07-BA7E-C25BE72938B0"
"","Cinchy Forms.Form Fields.Sort Child Form Table","",20,"False","","935D22E4-09F2-4F0C-B949-59E7FB232496_A7D8F39C-09FD-45F5-97C3-03DC52D7AD7F","935D22E4-09F2-4F0C-B949-59E7FB232496_04DDA09C-5712-4A4C-884E-D3E72630F748"
"","Cinchy Forms.Form Fields.Dropdown Column Filter","",21,"False","","935D22E4-09F2-4F0C-B949-59E7FB232496_A7D8F39C-09FD-45F5-97C3-03DC52D7AD7F","935D22E4-09F2-4F0C-B949-59E7FB232496_03F6F208-AFF7-4937-8B3B-C34AC612E26F"
"","Cinchy Forms.Form Fields.Total Text Area Rows","",22,"False","","935D22E4-09F2-4F0C-B949-59E7FB232496_A7D8F39C-09FD-45F5-97C3-03DC52D7AD7F","935D22E4-09F2-4F0C-B949-59E7FB232496_A792356E-7D3C-456E-B381-BFF412C35EAE"
"","Cinchy Forms.Form Fields.Number Display Format Override","",23,"False","","935D22E4-09F2-4F0C-B949-59E7FB232496_A7D8F39C-09FD-45F5-97C3-03DC52D7AD7F","935D22E4-09F2-4F0C-B949-59E7FB232496_639F7B19-F54B-4BC0-A3B5-21F65B260995"
"","Cinchy Forms.Form Fields.Number Display Format","",24,"False","","935D22E4-09F2-4F0C-B949-59E7FB232496_A7D8F39C-09FD-45F5-97C3-03DC52D7AD7F","935D22E4-09F2-4F0C-B949-59E7FB232496_06A42760-2CB1-4CE7-B110-F99E415FE88D"
"","Cinchy Forms.Form Fields.Force As Optional","",25,"False","","935D22E4-09F2-4F0C-B949-59E7FB232496_A7D8F39C-09FD-45F5-97C3-03DC52D7AD7F","935D22E4-09F2-4F0C-B949-59E7FB232496_AB08B63C-D652-4A8F-9449-B118EC0B95A7"
"","Cinchy Forms.Form Fields.Validate As Mandatory","",26,"False","","935D22E4-09F2-4F0C-B949-59E7FB232496_A7D8F39C-09FD-45F5-97C3-03DC52D7AD7F","935D22E4-09F2-4F0C-B949-59E7FB232496_D0C7444A-3054-46AE-B0D5-173160F46DA8"
"","Cinchy Forms.Form Fields.Form Field Key","",27,"False","","935D22E4-09F2-4F0C-B949-59E7FB232496_A7D8F39C-09FD-45F5-97C3-03DC52D7AD7F","935D22E4-09F2-4F0C-B949-59E7FB232496_DEEDB937-4704-4012-9DD7-BE7C6A9B701B"
"","Cinchy Forms.Form Fields.Override Mandatory To Non Mandatory","",28,"False","","935D22E4-09F2-4F0C-B949-59E7FB232496_A7D8F39C-09FD-45F5-97C3-03DC52D7AD7F","935D22E4-09F2-4F0C-B949-59E7FB232496_EA32FBBA-D163-4338-8D41-EB0E9CA8ECC4"
"","Cinchy Forms.Form Fields.Flatten Child Form","",29,"False","","935D22E4-09F2-4F0C-B949-59E7FB232496_A7D8F39C-09FD-45F5-97C3-03DC52D7AD7F","935D22E4-09F2-4F0C-B949-59E7FB232496_1186B010-55D3-401A-BBA9-2A559B51D48C"


