<?xml version="1.0" encoding="utf-16"?>
<BatchDataSyncConfig name="DXDF - Cinchy - DXDATA - Data Sync Configurations" version="1.0.0" xmlns="http://www.cinchy.co">
  <Parameters>
    <Parameter name="filePath" />
    <Parameter name="dxdGuid" />
  </Parameters>
  <DelimitedDataSource delimiter="," textQualifier="&quot;" headerRowsToIgnore="1" path="@filePath" encoding="UTF8">
    <Schema>
      <Column name="Config XML" dataType="Text" trimWhitespace="true" />
      <Column name="Read Groups" dataType="Text" trimWhitespace="true" />
      <Column name="Write Groups" dataType="Text" trimWhitespace="true" />
      <Column name="Execute Groups" dataType="Text" trimWhitespace="true" />
      <Column name="Admin Groups" dataType="Text" trimWhitespace="true" />
      <Column name="Guid" dataType="Text" trimWhitespace="true" />
    </Schema>
  </DelimitedDataSource>
  <CinchyTableTarget model="" domain="Cinchy" table="Data Sync Configurations" suppressDuplicateErrors="false">
    <ColumnMappings>
      <ColumnMapping sourceColumn="Config XML" targetColumn="Config XML" />
      <ColumnMapping sourceColumn="Read Groups" targetColumn="Read Groups" linkColumn="Name" />
      <ColumnMapping sourceColumn="Write Groups" targetColumn="Write Groups" linkColumn="Name" />
      <ColumnMapping sourceColumn="Execute Groups" targetColumn="Execute Groups" linkColumn="Name" />
      <ColumnMapping sourceColumn="Admin Groups" targetColumn="Admin Groups" linkColumn="Name" />
      <ColumnMapping sourceColumn="Guid" targetColumn="Sync GUID" />
    </ColumnMappings>
    <Filter>ISNULL([Sync GUID],'') LIKE '@dxdGuid_%'</Filter>
    <SyncKey>
      <SyncKeyColumnReference name="Sync GUID" />
    </SyncKey>
    <NewRecordBehaviour type="INSERT" />
    <ChangedRecordBehaviour type="UPDATE" />
    <DroppedRecordBehaviour type="DELETE" />
  </CinchyTableTarget>
</BatchDataSyncConfig>

