<?xml version="1.0" encoding="utf-16"?>
<BatchDataSyncConfig name="DXDF - Cinchy - DXDATA - Integrated Clients" version="1.0.0" xmlns="http://www.cinchy.co">
  <Parameters>
    <Parameter name="filePath" />
    <Parameter name="dxdGuid" />
  </Parameters>
  <DelimitedDataSource delimiter="," textQualifier="&quot;" headerRowsToIgnore="1" path="@filePath" encoding="UTF8">
    <Schema>
      <Column name="Access Token Lifetime (Seconds)" dataType="Text" trimWhitespace="true" />
      <Column name="Client Id" dataType="Text" trimWhitespace="true" />
      <Column name="Client Name" dataType="Text" trimWhitespace="true" />
      <Column name="Enabled" dataType="Bool" />
      <Column name="Grant Type" dataType="Text" trimWhitespace="true" />
      <Column name="Guid" dataType="Text" trimWhitespace="true" />
      <Column name="Permitted Login Redirect URLs" dataType="Text" trimWhitespace="true" />
      <Column name="Permitted Logout Redirect URLs" dataType="Text" trimWhitespace="true" />
      <Column name="Permitted Scopes" dataType="Text" trimWhitespace="true" />
      <Column name="Show Cinchy Login Screen" dataType="Bool" />
    </Schema>
  </DelimitedDataSource>
  <CinchyTableTarget model="" domain="Cinchy" table="Integrated Clients" suppressDuplicateErrors="false">
    <ColumnMappings>
      <ColumnMapping sourceColumn="Access Token Lifetime (Seconds)" targetColumn="Access Token Lifetime (Seconds)" />
      <ColumnMapping sourceColumn="Client Id" targetColumn="Client Id" />
      <ColumnMapping sourceColumn="Client Name" targetColumn="Client Name" />
      <ColumnMapping sourceColumn="Enabled" targetColumn="Enabled" />
      <ColumnMapping sourceColumn="Grant Type" targetColumn="Grant Type" />
      <ColumnMapping sourceColumn="Guid" targetColumn="Sync GUID" />
      <ColumnMapping sourceColumn="Permitted Login Redirect URLs" targetColumn="Permitted Login Redirect URLs" />
      <ColumnMapping sourceColumn="Permitted Logout Redirect URLs" targetColumn="Permitted Logout Redirect URLs" />
      <ColumnMapping sourceColumn="Permitted Scopes" targetColumn="Permitted Scopes" />
      <ColumnMapping sourceColumn="Show Cinchy Login Screen" targetColumn="Show Cinchy Login Screen" />
    </ColumnMappings>
    <Filter>ISNULL([Sync GUID],'') LIKE '@dxdGuid_%'</Filter>
    <SyncKey>
      <SyncKeyColumnReference name="Sync GUID" />
    </SyncKey>
    <NewRecordBehaviour type="INSERT" />
    <ChangedRecordBehaviour type="UPDATE" />
    <DroppedRecordBehaviour type="DELETE" />
  </CinchyTableTarget>
</BatchDataSyncConfig>

