API Result Format,CQL,Description,Domain,Groups With Design Access,Groups With Execute Access,Guid,Icon,Icon Colour,Name,Timeout,Type,Users With Design Access,Users With Execute Access
"CSV","SELECT [Title] as 'label',
[Calendar ID] as 'id'
FROM [Cinchy Calendar].[Calendars]
WHERE [Deleted] IS NULL
ORDER BY [Title]
","","Cinchy Calendar","","","EB89CBB3-39AE-4418-A95D-67FA1C86D420_D95AF781-1508-47C7-AD86-86D88ECCD247","fa fa-search","Red","Get All Calendars",30,"Query (Approved Data Only)","Administrator (admin)",""
"JSON","SELECT 
[Saved Query] as 'queryName',
[Saved Query].[Domain] as 'queryDomain',
[Calendar ID] as 'id',
[Title] as 'title',
[Table].[Name] as 'tableName',
[Table].[Domain].[Name] as 'tableDomain',
[Table URL] as 'tableUrl',
[Show Title] as 'showTitle'
FROM [Cinchy Calendar].[Calendars]
WHERE [Deleted] IS NULL
AND @calendarId = [Calendar Id]
","","Cinchy Calendar","","","EB89CBB3-39AE-4418-A95D-67FA1C86D420_F1DEB442-DBB3-4C28-8B3C-F5B431FFFD99","fa fa-search","Red","Get Calendar Meta",30,"Query (Approved Data Only)","Administrator (admin)",""
"CSV","SELECT 
	[Cinchy Id] as 'Event_Cinchy_ID',
	[Objective] as 'Event_Title',
	t.[Deadline] as 'Event_Start_Date',
	t.[Deadline] as 'Event_End_Date',
	DATEADD(day, 0, GETDATE()) as 'Calendar_Start_Date',
   	
    CASE 
    	WHEN t.[Status] LIKE '%Past%' THEN '#F8BBD0'--'Light Red' 
    	WHEN t.[Status] LIKE '%Today%' THEN '#FFE0B2'--'Light Orange' 
    	WHEN t.[Status] LIKE '%Soon%' THEN '#FFF9CF'--'Light Yellow' 
    	WHEN t.[Status] LIKE '%Snooz%' THEN '#BBDEFB'--'Light Blue' 
    	WHEN t.[Status] LIKE '%Later%' THEN '#C8E6C9'--'Light Green'         
	ELSE null END 
    AS 'Colour',
    
    'Yes' as 'Is_Full_Day_Event'
	  
FROM [Cinchy Calendar].[Open Tasks] t
WHERE t.[Deleted] IS NULL 
--AND t.[Employees].[Cinchy Id]  = CurrentUserID()
ORDER BY t.[Deadline] ASC","","Cinchy Calendar","","","EB89CBB3-39AE-4418-A95D-67FA1C86D420_BEB8E7F3-1E7A-42CE-9FDD-4080230E7177","fa fa-search","Red","Get Open Tasks",30,"Query (Approved Data Only)","Administrator (admin)",""


